solid 
 facet normal  0.000000e+00 -1.000000e+00  0.000000e+00
   outer loop
     vertex -4.556429e+00 -2.500000e+01  5.039037e+02
     vertex -4.042174e+00 -2.500000e+01  5.044341e+02
     vertex -2.500000e+01 -2.500000e+01  1.000000e+03
   endloop
 endfacet
 facet normal -0.000000e+00 -1.000000e+00  0.000000e+00
   outer loop
     vertex -3.466643e+00 -2.500000e+01  5.048972e+02
     vertex -2.500000e+01 -2.500000e+01  1.000000e+03
     vertex -4.042174e+00 -2.500000e+01  5.044341e+02
   endloop
 endfacet
 facet normal  0.000000e+00 -1.000000e+00  0.000000e+00
   outer loop
     vertex -5.001614e+00 -2.500000e+01  5.033142e+02
     vertex -4.556429e+00 -2.500000e+01  5.039037e+02
     vertex -2.500000e+01 -2.500000e+01  1.000000e+03
   endloop
 endfacet
 facet normal -0.000000e+00 -1.000000e+00  0.000000e+00
   outer loop
     vertex -2.838561e+00 -2.500000e+01  5.052861e+02
     vertex -2.500000e+01 -2.500000e+01  1.000000e+03
     vertex -3.466643e+00 -2.500000e+01  5.048972e+02
   endloop
 endfacet
 facet normal  0.000000e+00 -1.000000e+00  0.000000e+00
   outer loop
     vertex -5.370980e+00 -2.500000e+01  5.026744e+02
     vertex -5.001614e+00 -2.500000e+01  5.033142e+02
     vertex -2.500000e+01 -2.500000e+01  1.000000e+03
   endloop
 endfacet
 facet normal -0.000000e+00 -1.000000e+00  0.000000e+00
   outer loop
     vertex -2.167450e+00 -2.500000e+01  5.055948e+02
     vertex -2.500000e+01 -2.500000e+01  1.000000e+03
     vertex -2.838561e+00 -2.500000e+01  5.052861e+02
   endloop
 endfacet
 facet normal  0.000000e+00 -1.000000e+00  0.000000e+00
   outer loop
     vertex -5.658927e+00 -2.500000e+01  5.019941e+02
     vertex -5.370980e+00 -2.500000e+01  5.026744e+02
     vertex -2.500000e+01 -2.500000e+01  1.000000e+03
   endloop
 endfacet
 facet normal -0.000000e+00 -1.000000e+00  0.000000e+00
   outer loop
     vertex -1.463482e+00 -2.500000e+01  5.058188e+02
     vertex -2.500000e+01 -2.500000e+01  1.000000e+03
     vertex -2.167450e+00 -2.500000e+01  5.055948e+02
   endloop
 endfacet
 facet normal -0.000000e+00 -1.000000e+00  0.000000e+00
   outer loop
     vertex -7.373297e-01 -2.500000e+01  5.059545e+02
     vertex -2.500000e+01 -2.500000e+01  1.000000e+03
     vertex -1.463482e+00 -2.500000e+01  5.058188e+02
   endloop
 endfacet
 facet normal  0.000000e+00 -1.000000e+00  0.000000e+00
   outer loop
     vertex -1.469576e-15 -2.500000e+01  5.060000e+02
     vertex  2.500000e+01 -2.500000e+01  1.000000e+03
     vertex -2.500000e+01 -2.500000e+01  1.000000e+03
   endloop
 endfacet
 facet normal -0.000000e+00 -1.000000e+00  0.000000e+00
   outer loop
     vertex -1.469576e-15 -2.500000e+01  5.060000e+02
     vertex -2.500000e+01 -2.500000e+01  1.000000e+03
     vertex -7.373297e-01 -2.500000e+01  5.059545e+02
   endloop
 endfacet
 facet normal  0.000000e+00 -1.000000e+00  0.000000e+00
   outer loop
     vertex  7.373297e-01 -2.500000e+01  5.059545e+02
     vertex  2.500000e+01 -2.500000e+01  1.000000e+03
     vertex -1.469576e-15 -2.500000e+01  5.060000e+02
   endloop
 endfacet
 facet normal  0.000000e+00 -1.000000e+00  0.000000e+00
   outer loop
     vertex  1.463482e+00 -2.500000e+01  5.058188e+02
     vertex  2.500000e+01 -2.500000e+01  1.000000e+03
     vertex  7.373297e-01 -2.500000e+01  5.059545e+02
   endloop
 endfacet
 facet normal  0.000000e+00 -1.000000e+00  0.000000e+00
   outer loop
     vertex  2.167450e+00 -2.500000e+01  5.055948e+02
     vertex  2.500000e+01 -2.500000e+01  1.000000e+03
     vertex  1.463482e+00 -2.500000e+01  5.058188e+02
   endloop
 endfacet
 facet normal  0.000000e+00 -1.000000e+00  0.000000e+00
   outer loop
     vertex  2.838561e+00 -2.500000e+01  5.052861e+02
     vertex  2.500000e+01 -2.500000e+01  1.000000e+03
     vertex  2.167450e+00 -2.500000e+01  5.055948e+02
   endloop
 endfacet
 facet normal  0.000000e+00 -1.000000e+00  0.000000e+00
   outer loop
     vertex  3.466643e+00 -2.500000e+01  5.048972e+02
     vertex  2.500000e+01 -2.500000e+01  1.000000e+03
     vertex  2.838561e+00 -2.500000e+01  5.052861e+02
   endloop
 endfacet
 facet normal  0.000000e+00 -1.000000e+00  0.000000e+00
   outer loop
     vertex  4.042174e+00 -2.500000e+01  5.044341e+02
     vertex  2.500000e+01 -2.500000e+01  1.000000e+03
     vertex  3.466643e+00 -2.500000e+01  5.048972e+02
   endloop
 endfacet
 facet normal  0.000000e+00 -1.000000e+00  0.000000e+00
   outer loop
     vertex  4.556429e+00 -2.500000e+01  5.039037e+02
     vertex  2.500000e+01 -2.500000e+01  1.000000e+03
     vertex  4.042174e+00 -2.500000e+01  5.044341e+02
   endloop
 endfacet
 facet normal  0.000000e+00 -1.000000e+00  0.000000e+00
   outer loop
     vertex  5.001614e+00 -2.500000e+01  5.033142e+02
     vertex  2.500000e+01 -2.500000e+01  1.000000e+03
     vertex  4.556429e+00 -2.500000e+01  5.039037e+02
   endloop
 endfacet
 facet normal  0.000000e+00 -1.000000e+00  0.000000e+00
   outer loop
     vertex  5.370980e+00 -2.500000e+01  5.026744e+02
     vertex  2.500000e+01 -2.500000e+01  1.000000e+03
     vertex  5.001614e+00 -2.500000e+01  5.033142e+02
   endloop
 endfacet
 facet normal  0.000000e+00 -1.000000e+00  0.000000e+00
   outer loop
     vertex  5.658927e+00 -2.500000e+01  5.019941e+02
     vertex  2.500000e+01 -2.500000e+01  1.000000e+03
     vertex  5.370980e+00 -2.500000e+01  5.026744e+02
   endloop
 endfacet
 facet normal  0.000000e+00 -1.000000e+00  0.000000e+00
   outer loop
     vertex -2.500000e+01 -2.500000e+01  0.000000e+00
     vertex  3.693654e-01 -2.500000e+01  4.940114e+02
     vertex -3.693654e-01 -2.500000e+01  4.940114e+02
   endloop
 endfacet
 facet normal  0.000000e+00 -1.000000e+00  0.000000e+00
   outer loop
     vertex -2.500000e+01 -2.500000e+01  0.000000e+00
     vertex -3.693654e-01 -2.500000e+01  4.940114e+02
     vertex -1.102497e+00 -2.500000e+01  4.941022e+02
   endloop
 endfacet
 facet normal  0.000000e+00 -1.000000e+00  0.000000e+00
   outer loop
     vertex -2.500000e+01 -2.500000e+01  0.000000e+00
     vertex -1.102497e+00 -2.500000e+01  4.941022e+02
     vertex -1.818916e+00 -2.500000e+01  4.942823e+02
   endloop
 endfacet
 facet normal  0.000000e+00 -1.000000e+00  0.000000e+00
   outer loop
     vertex -2.500000e+01 -2.500000e+01  0.000000e+00
     vertex -1.818916e+00 -2.500000e+01  4.942823e+02
     vertex -2.507762e+00 -2.500000e+01  4.945492e+02
   endloop
 endfacet
 facet normal  0.000000e+00 -1.000000e+00  0.000000e+00
   outer loop
     vertex -2.500000e+01 -2.500000e+01  0.000000e+00
     vertex -2.507762e+00 -2.500000e+01  4.945492e+02
     vertex -3.158593e+00 -2.500000e+01  4.948987e+02
   endloop
 endfacet
 facet normal  0.000000e+00 -1.000000e+00  0.000000e+00
   outer loop
     vertex -2.500000e+01 -2.500000e+01  0.000000e+00
     vertex -3.158593e+00 -2.500000e+01  4.948987e+02
     vertex -3.761543e+00 -2.500000e+01  4.953255e+02
   endloop
 endfacet
 facet normal  0.000000e+00 -1.000000e+00  0.000000e+00
   outer loop
     vertex -2.500000e+01 -2.500000e+01  0.000000e+00
     vertex -3.761543e+00 -2.500000e+01  4.953255e+02
     vertex -4.307472e+00 -2.500000e+01  4.958232e+02
   endloop
 endfacet
 facet normal  0.000000e+00 -1.000000e+00  0.000000e+00
   outer loop
     vertex -2.500000e+01 -2.500000e+01  0.000000e+00
     vertex -4.307472e+00 -2.500000e+01  4.958232e+02
     vertex -4.788103e+00 -2.500000e+01  4.963842e+02
   endloop
 endfacet
 facet normal  0.000000e+00 -1.000000e+00  0.000000e+00
   outer loop
     vertex -2.500000e+01 -2.500000e+01  0.000000e+00
     vertex -4.788103e+00 -2.500000e+01  4.963842e+02
     vertex -5.196152e+00 -2.500000e+01  4.970000e+02
   endloop
 endfacet
 facet normal  0.000000e+00 -1.000000e+00  0.000000e+00
   outer loop
     vertex -2.500000e+01 -2.500000e+01  0.000000e+00
     vertex -5.196152e+00 -2.500000e+01  4.970000e+02
     vertex -5.525433e+00 -2.500000e+01  4.976613e+02
   endloop
 endfacet
 facet normal  0.000000e+00 -1.000000e+00  0.000000e+00
   outer loop
     vertex -2.500000e+01 -2.500000e+01  0.000000e+00
     vertex -5.525433e+00 -2.500000e+01  4.976613e+02
     vertex -5.770954e+00 -2.500000e+01  4.983580e+02
   endloop
 endfacet
 facet normal  0.000000e+00 -1.000000e+00  0.000000e+00
   outer loop
     vertex  2.500000e+01 -2.500000e+01  0.000000e+00
     vertex  5.770954e+00 -2.500000e+01  4.983580e+02
     vertex  5.525433e+00 -2.500000e+01  4.976613e+02
   endloop
 endfacet
 facet normal  0.000000e+00 -1.000000e+00  0.000000e+00
   outer loop
     vertex  2.500000e+01 -2.500000e+01  0.000000e+00
     vertex  5.525433e+00 -2.500000e+01  4.976613e+02
     vertex  5.196152e+00 -2.500000e+01  4.970000e+02
   endloop
 endfacet
 facet normal  0.000000e+00 -1.000000e+00  0.000000e+00
   outer loop
     vertex  2.500000e+01 -2.500000e+01  0.000000e+00
     vertex  5.196152e+00 -2.500000e+01  4.970000e+02
     vertex  4.788103e+00 -2.500000e+01  4.963842e+02
   endloop
 endfacet
 facet normal  0.000000e+00 -1.000000e+00  0.000000e+00
   outer loop
     vertex  2.500000e+01 -2.500000e+01  0.000000e+00
     vertex  4.788103e+00 -2.500000e+01  4.963842e+02
     vertex  4.307472e+00 -2.500000e+01  4.958232e+02
   endloop
 endfacet
 facet normal  0.000000e+00 -1.000000e+00  0.000000e+00
   outer loop
     vertex  2.500000e+01 -2.500000e+01  0.000000e+00
     vertex  4.307472e+00 -2.500000e+01  4.958232e+02
     vertex  3.761543e+00 -2.500000e+01  4.953255e+02
   endloop
 endfacet
 facet normal  0.000000e+00 -1.000000e+00  0.000000e+00
   outer loop
     vertex  2.500000e+01 -2.500000e+01  0.000000e+00
     vertex  3.761543e+00 -2.500000e+01  4.953255e+02
     vertex  3.158593e+00 -2.500000e+01  4.948987e+02
   endloop
 endfacet
 facet normal  0.000000e+00 -1.000000e+00  0.000000e+00
   outer loop
     vertex  2.500000e+01 -2.500000e+01  0.000000e+00
     vertex  3.158593e+00 -2.500000e+01  4.948987e+02
     vertex  2.507762e+00 -2.500000e+01  4.945492e+02
   endloop
 endfacet
 facet normal  0.000000e+00 -1.000000e+00  0.000000e+00
   outer loop
     vertex  2.500000e+01 -2.500000e+01  0.000000e+00
     vertex  2.507762e+00 -2.500000e+01  4.945492e+02
     vertex  1.818916e+00 -2.500000e+01  4.942823e+02
   endloop
 endfacet
 facet normal  0.000000e+00 -1.000000e+00  0.000000e+00
   outer loop
     vertex  2.500000e+01 -2.500000e+01  0.000000e+00
     vertex  1.818916e+00 -2.500000e+01  4.942823e+02
     vertex  1.102497e+00 -2.500000e+01  4.941022e+02
   endloop
 endfacet
 facet normal  0.000000e+00 -1.000000e+00  0.000000e+00
   outer loop
     vertex  2.500000e+01 -2.500000e+01  0.000000e+00
     vertex  1.102497e+00 -2.500000e+01  4.941022e+02
     vertex  3.693654e-01 -2.500000e+01  4.940114e+02
   endloop
 endfacet
 facet normal  0.000000e+00 -1.000000e+00  0.000000e+00
   outer loop
     vertex  2.500000e+01 -2.500000e+01  0.000000e+00
     vertex  3.693654e-01 -2.500000e+01  4.940114e+02
     vertex -2.500000e+01 -2.500000e+01  0.000000e+00
   endloop
 endfacet
 facet normal  0.000000e+00 -1.000000e+00  0.000000e+00
   outer loop
     vertex -2.500000e+01 -2.500000e+01  0.000000e+00
     vertex -5.997154e+00 -2.500000e+01  4.998152e+02
     vertex -2.500000e+01 -2.500000e+01  1.000000e+03
   endloop
 endfacet
 facet normal  0.000000e+00 -1.000000e+00  0.000000e+00
   outer loop
     vertex -5.997154e+00 -2.500000e+01  4.998152e+02
     vertex -5.974405e+00 -2.500000e+01  5.005536e+02
     vertex -2.500000e+01 -2.500000e+01  1.000000e+03
   endloop
 endfacet
 facet normal  0.000000e+00 -1.000000e+00  0.000000e+00
   outer loop
     vertex -5.974405e+00 -2.500000e+01  5.005536e+02
     vertex -5.861090e+00 -2.500000e+01  5.012836e+02
     vertex -2.500000e+01 -2.500000e+01  1.000000e+03
   endloop
 endfacet
 facet normal  0.000000e+00 -1.000000e+00  0.000000e+00
   outer loop
     vertex -5.861090e+00 -2.500000e+01  5.012836e+02
     vertex -5.658927e+00 -2.500000e+01  5.019941e+02
     vertex -2.500000e+01 -2.500000e+01  1.000000e+03
   endloop
 endfacet
 facet normal  0.000000e+00 -1.000000e+00  0.000000e+00
   outer loop
     vertex -2.500000e+01 -2.500000e+01  0.000000e+00
     vertex -5.928993e+00 -2.500000e+01  4.990797e+02
     vertex -5.997154e+00 -2.500000e+01  4.998152e+02
   endloop
 endfacet
 facet normal  0.000000e+00 -1.000000e+00  0.000000e+00
   outer loop
     vertex -2.500000e+01 -2.500000e+01  0.000000e+00
     vertex -5.770954e+00 -2.500000e+01  4.983580e+02
     vertex -5.928993e+00 -2.500000e+01  4.990797e+02
   endloop
 endfacet
 facet normal  0.000000e+00 -1.000000e+00 -0.000000e+00
   outer loop
     vertex  2.500000e+01 -2.500000e+01  1.000000e+03
     vertex  5.997154e+00 -2.500000e+01  4.998152e+02
     vertex  2.500000e+01 -2.500000e+01  0.000000e+00
   endloop
 endfacet
 facet normal  0.000000e+00 -1.000000e+00 -0.000000e+00
   outer loop
     vertex  5.997154e+00 -2.500000e+01  4.998152e+02
     vertex  5.928993e+00 -2.500000e+01  4.990797e+02
     vertex  2.500000e+01 -2.500000e+01  0.000000e+00
   endloop
 endfacet
 facet normal  0.000000e+00 -1.000000e+00 -0.000000e+00
   outer loop
     vertex  5.928993e+00 -2.500000e+01  4.990797e+02
     vertex  5.770954e+00 -2.500000e+01  4.983580e+02
     vertex  2.500000e+01 -2.500000e+01  0.000000e+00
   endloop
 endfacet
 facet normal  0.000000e+00 -1.000000e+00  0.000000e+00
   outer loop
     vertex  2.500000e+01 -2.500000e+01  1.000000e+03
     vertex  5.974405e+00 -2.500000e+01  5.005536e+02
     vertex  5.997154e+00 -2.500000e+01  4.998152e+02
   endloop
 endfacet
 facet normal  0.000000e+00 -1.000000e+00  0.000000e+00
   outer loop
     vertex  2.500000e+01 -2.500000e+01  1.000000e+03
     vertex  5.861090e+00 -2.500000e+01  5.012836e+02
     vertex  5.974405e+00 -2.500000e+01  5.005536e+02
   endloop
 endfacet
 facet normal  0.000000e+00 -1.000000e+00  0.000000e+00
   outer loop
     vertex  2.500000e+01 -2.500000e+01  1.000000e+03
     vertex  5.658927e+00 -2.500000e+01  5.019941e+02
     vertex  5.861090e+00 -2.500000e+01  5.012836e+02
   endloop
 endfacet
 facet normal -1.000000e+00  0.000000e+00  0.000000e+00
   outer loop
     vertex -2.500000e+01  6.631227e+00  5.074851e+02
     vertex -2.500000e+01  2.500000e+01  1.000000e+03
     vertex -2.500000e+01  7.485107e+00  5.066312e+02
   endloop
 endfacet
 facet normal -1.000000e+00  0.000000e+00  0.000000e+00
   outer loop
     vertex -2.500000e+01  8.229839e+00  5.056806e+02
     vertex -2.500000e+01  7.485107e+00  5.066312e+02
     vertex -2.500000e+01  2.500000e+01  1.000000e+03
   endloop
 endfacet
 facet normal -1.000000e+00  0.000000e+00  0.000000e+00
   outer loop
     vertex -2.500000e+01  5.680647e+00  5.082298e+02
     vertex -2.500000e+01  2.500000e+01  1.000000e+03
     vertex -2.500000e+01  6.631227e+00  5.074851e+02
   endloop
 endfacet
 facet normal -1.000000e+00  0.000000e+00  0.000000e+00
   outer loop
     vertex -2.500000e+01  8.854560e+00  5.046472e+02
     vertex -2.500000e+01  8.229839e+00  5.056806e+02
     vertex -2.500000e+01  2.500000e+01  1.000000e+03
   endloop
 endfacet
 facet normal -1.000000e+00  0.000000e+00  0.000000e+00
   outer loop
     vertex -2.500000e+01  4.647232e+00  5.088546e+02
     vertex -2.500000e+01  2.500000e+01  1.000000e+03
     vertex -2.500000e+01  5.680647e+00  5.082298e+02
   endloop
 endfacet
 facet normal -1.000000e+00  0.000000e+00  0.000000e+00
   outer loop
     vertex -2.500000e+01  9.350162e+00  5.035460e+02
     vertex -2.500000e+01  8.854560e+00  5.046472e+02
     vertex -2.500000e+01  2.500000e+01  1.000000e+03
   endloop
 endfacet
 facet normal -1.000000e+00  0.000000e+00  0.000000e+00
   outer loop
     vertex -2.500000e+01  3.546049e+00  5.093502e+02
     vertex -2.500000e+01  2.500000e+01  1.000000e+03
     vertex -2.500000e+01  4.647232e+00  5.088546e+02
   endloop
 endfacet
 facet normal -1.000000e+00  0.000000e+00  0.000000e+00
   outer loop
     vertex -2.500000e+01  2.393157e+00  5.097094e+02
     vertex -2.500000e+01  2.500000e+01  1.000000e+03
     vertex -2.500000e+01  3.546049e+00  5.093502e+02
   endloop
 endfacet
 facet normal -1.000000e+00  0.000000e+00  0.000000e+00
   outer loop
     vertex -2.500000e+01  1.205367e+00  5.099271e+02
     vertex -2.500000e+01  2.500000e+01  1.000000e+03
     vertex -2.500000e+01  2.393157e+00  5.097094e+02
   endloop
 endfacet
 facet normal -1.000000e+00  0.000000e+00  0.000000e+00
   outer loop
     vertex -2.500000e+01  2.449294e-15  5.100000e+02
     vertex -2.500000e+01 -2.500000e+01  1.000000e+03
     vertex -2.500000e+01  2.500000e+01  1.000000e+03
   endloop
 endfacet
 facet normal -1.000000e+00  0.000000e+00  0.000000e+00
   outer loop
     vertex -2.500000e+01  2.449294e-15  5.100000e+02
     vertex -2.500000e+01  2.500000e+01  1.000000e+03
     vertex -2.500000e+01  1.205367e+00  5.099271e+02
   endloop
 endfacet
 facet normal -1.000000e+00  0.000000e+00  0.000000e+00
   outer loop
     vertex -2.500000e+01 -1.205367e+00  5.099271e+02
     vertex -2.500000e+01 -2.500000e+01  1.000000e+03
     vertex -2.500000e+01  2.449294e-15  5.100000e+02
   endloop
 endfacet
 facet normal -1.000000e+00  0.000000e+00  0.000000e+00
   outer loop
     vertex -2.500000e+01 -2.393157e+00  5.097094e+02
     vertex -2.500000e+01 -2.500000e+01  1.000000e+03
     vertex -2.500000e+01 -1.205367e+00  5.099271e+02
   endloop
 endfacet
 facet normal -1.000000e+00  0.000000e+00  0.000000e+00
   outer loop
     vertex -2.500000e+01 -3.546049e+00  5.093502e+02
     vertex -2.500000e+01 -2.500000e+01  1.000000e+03
     vertex -2.500000e+01 -2.393157e+00  5.097094e+02
   endloop
 endfacet
 facet normal -1.000000e+00  0.000000e+00  0.000000e+00
   outer loop
     vertex -2.500000e+01 -4.647232e+00  5.088546e+02
     vertex -2.500000e+01 -2.500000e+01  1.000000e+03
     vertex -2.500000e+01 -3.546049e+00  5.093502e+02
   endloop
 endfacet
 facet normal -1.000000e+00  0.000000e+00  0.000000e+00
   outer loop
     vertex -2.500000e+01 -5.680647e+00  5.082298e+02
     vertex -2.500000e+01 -2.500000e+01  1.000000e+03
     vertex -2.500000e+01 -4.647232e+00  5.088546e+02
   endloop
 endfacet
 facet normal -1.000000e+00  0.000000e+00  0.000000e+00
   outer loop
     vertex -2.500000e+01 -6.631227e+00  5.074851e+02
     vertex -2.500000e+01 -2.500000e+01  1.000000e+03
     vertex -2.500000e+01 -5.680647e+00  5.082298e+02
   endloop
 endfacet
 facet normal -1.000000e+00  0.000000e+00  0.000000e+00
   outer loop
     vertex -2.500000e+01 -7.485107e+00  5.066312e+02
     vertex -2.500000e+01 -2.500000e+01  1.000000e+03
     vertex -2.500000e+01 -6.631227e+00  5.074851e+02
   endloop
 endfacet
 facet normal -1.000000e+00  0.000000e+00  0.000000e+00
   outer loop
     vertex -2.500000e+01 -8.229839e+00  5.056806e+02
     vertex -2.500000e+01 -2.500000e+01  1.000000e+03
     vertex -2.500000e+01 -7.485107e+00  5.066312e+02
   endloop
 endfacet
 facet normal -1.000000e+00  0.000000e+00  0.000000e+00
   outer loop
     vertex -2.500000e+01 -8.854560e+00  5.046472e+02
     vertex -2.500000e+01 -2.500000e+01  1.000000e+03
     vertex -2.500000e+01 -8.229839e+00  5.056806e+02
   endloop
 endfacet
 facet normal -1.000000e+00  0.000000e+00  0.000000e+00
   outer loop
     vertex -2.500000e+01 -9.350162e+00  5.035460e+02
     vertex -2.500000e+01 -2.500000e+01  1.000000e+03
     vertex -2.500000e+01 -8.854560e+00  5.046472e+02
   endloop
 endfacet
 facet normal -1.000000e+00  4.702051e-14  2.282999e-15
   outer loop
     vertex -2.500000e+01  2.500000e+01  0.000000e+00
     vertex -2.500000e+01 -3.391159e-13  4.900000e+02
     vertex -2.500000e+01  1.205367e+00  4.900729e+02
   endloop
 endfacet
 facet normal -1.000000e+00  0.000000e+00  0.000000e+00
   outer loop
     vertex -2.500000e+01  2.500000e+01  0.000000e+00
     vertex -2.500000e+01  1.205367e+00  4.900729e+02
     vertex -2.500000e+01  2.393157e+00  4.902906e+02
   endloop
 endfacet
 facet normal -1.000000e+00  0.000000e+00  0.000000e+00
   outer loop
     vertex -2.500000e+01  2.500000e+01  0.000000e+00
     vertex -2.500000e+01  2.393157e+00  4.902906e+02
     vertex -2.500000e+01  3.546049e+00  4.906498e+02
   endloop
 endfacet
 facet normal -1.000000e+00  0.000000e+00  0.000000e+00
   outer loop
     vertex -2.500000e+01  2.500000e+01  0.000000e+00
     vertex -2.500000e+01  3.546049e+00  4.906498e+02
     vertex -2.500000e+01  4.647232e+00  4.911454e+02
   endloop
 endfacet
 facet normal -1.000000e+00  0.000000e+00  0.000000e+00
   outer loop
     vertex -2.500000e+01  2.500000e+01  0.000000e+00
     vertex -2.500000e+01  4.647232e+00  4.911454e+02
     vertex -2.500000e+01  5.680647e+00  4.917702e+02
   endloop
 endfacet
 facet normal -1.000000e+00  0.000000e+00  0.000000e+00
   outer loop
     vertex -2.500000e+01  2.500000e+01  0.000000e+00
     vertex -2.500000e+01  5.680647e+00  4.917702e+02
     vertex -2.500000e+01  6.631227e+00  4.925149e+02
   endloop
 endfacet
 facet normal -1.000000e+00  0.000000e+00  0.000000e+00
   outer loop
     vertex -2.500000e+01  2.500000e+01  0.000000e+00
     vertex -2.500000e+01  6.631227e+00  4.925149e+02
     vertex -2.500000e+01  7.485107e+00  4.933688e+02
   endloop
 endfacet
 facet normal -1.000000e+00  0.000000e+00  0.000000e+00
   outer loop
     vertex -2.500000e+01  2.500000e+01  0.000000e+00
     vertex -2.500000e+01  7.485107e+00  4.933688e+02
     vertex -2.500000e+01  8.229839e+00  4.943194e+02
   endloop
 endfacet
 facet normal -1.000000e+00  0.000000e+00  0.000000e+00
   outer loop
     vertex -2.500000e+01  2.500000e+01  0.000000e+00
     vertex -2.500000e+01  8.229839e+00  4.943194e+02
     vertex -2.500000e+01  8.854560e+00  4.953528e+02
   endloop
 endfacet
 facet normal -1.000000e+00  0.000000e+00  0.000000e+00
   outer loop
     vertex -2.500000e+01  2.500000e+01  0.000000e+00
     vertex -2.500000e+01  8.854560e+00  4.953528e+02
     vertex -2.500000e+01  9.350162e+00  4.964540e+02
   endloop
 endfacet
 facet normal -1.000000e+00  0.000000e+00  0.000000e+00
   outer loop
     vertex -2.500000e+01  2.500000e+01  0.000000e+00
     vertex -2.500000e+01  9.350162e+00  4.964540e+02
     vertex -2.500000e+01  9.709418e+00  4.976068e+02
   endloop
 endfacet
 facet normal -1.000000e+00  0.000000e+00  0.000000e+00
   outer loop
     vertex -2.500000e+01 -2.500000e+01  0.000000e+00
     vertex -2.500000e+01 -9.709418e+00  4.976068e+02
     vertex -2.500000e+01 -9.350162e+00  4.964540e+02
   endloop
 endfacet
 facet normal -1.000000e+00  0.000000e+00  0.000000e+00
   outer loop
     vertex -2.500000e+01 -2.500000e+01  0.000000e+00
     vertex -2.500000e+01 -9.350162e+00  4.964540e+02
     vertex -2.500000e+01 -8.854560e+00  4.953528e+02
   endloop
 endfacet
 facet normal -1.000000e+00  0.000000e+00  0.000000e+00
   outer loop
     vertex -2.500000e+01 -2.500000e+01  0.000000e+00
     vertex -2.500000e+01 -8.854560e+00  4.953528e+02
     vertex -2.500000e+01 -8.229839e+00  4.943194e+02
   endloop
 endfacet
 facet normal -1.000000e+00  0.000000e+00  0.000000e+00
   outer loop
     vertex -2.500000e+01 -2.500000e+01  0.000000e+00
     vertex -2.500000e+01 -8.229839e+00  4.943194e+02
     vertex -2.500000e+01 -7.485107e+00  4.933688e+02
   endloop
 endfacet
 facet normal -1.000000e+00  0.000000e+00  0.000000e+00
   outer loop
     vertex -2.500000e+01 -2.500000e+01  0.000000e+00
     vertex -2.500000e+01 -7.485107e+00  4.933688e+02
     vertex -2.500000e+01 -6.631227e+00  4.925149e+02
   endloop
 endfacet
 facet normal -1.000000e+00  0.000000e+00  0.000000e+00
   outer loop
     vertex -2.500000e+01 -2.500000e+01  0.000000e+00
     vertex -2.500000e+01 -6.631227e+00  4.925149e+02
     vertex -2.500000e+01 -5.680647e+00  4.917702e+02
   endloop
 endfacet
 facet normal -1.000000e+00  0.000000e+00  0.000000e+00
   outer loop
     vertex -2.500000e+01 -2.500000e+01  0.000000e+00
     vertex -2.500000e+01 -5.680647e+00  4.917702e+02
     vertex -2.500000e+01 -4.647232e+00  4.911454e+02
   endloop
 endfacet
 facet normal -1.000000e+00  0.000000e+00  0.000000e+00
   outer loop
     vertex -2.500000e+01 -2.500000e+01  0.000000e+00
     vertex -2.500000e+01 -4.647232e+00  4.911454e+02
     vertex -2.500000e+01 -3.546049e+00  4.906498e+02
   endloop
 endfacet
 facet normal -1.000000e+00  0.000000e+00  0.000000e+00
   outer loop
     vertex -2.500000e+01 -2.500000e+01  0.000000e+00
     vertex -2.500000e+01 -3.546049e+00  4.906498e+02
     vertex -2.500000e+01 -2.393157e+00  4.902906e+02
   endloop
 endfacet
 facet normal -1.000000e+00  0.000000e+00  0.000000e+00
   outer loop
     vertex -2.500000e+01 -2.500000e+01  0.000000e+00
     vertex -2.500000e+01 -2.393157e+00  4.902906e+02
     vertex -2.500000e+01 -1.205367e+00  4.900729e+02
   endloop
 endfacet
 facet normal -1.000000e+00 -4.702051e-14  2.282999e-15
   outer loop
     vertex -2.500000e+01 -2.500000e+01  0.000000e+00
     vertex -2.500000e+01 -1.205367e+00  4.900729e+02
     vertex -2.500000e+01 -3.391159e-13  4.900000e+02
   endloop
 endfacet
 facet normal -1.000000e+00  0.000000e+00 -1.160070e-16
   outer loop
     vertex -2.500000e+01 -2.500000e+01  0.000000e+00
     vertex -2.500000e+01 -3.391159e-13  4.900000e+02
     vertex -2.500000e+01  2.500000e+01  0.000000e+00
   endloop
 endfacet
 facet normal -1.000000e+00  0.000000e+00  0.000000e+00
   outer loop
     vertex -2.500000e+01  2.500000e+01  0.000000e+00
     vertex -2.500000e+01  1.000000e+01  5.000000e+02
     vertex -2.500000e+01  2.500000e+01  1.000000e+03
   endloop
 endfacet
 facet normal -1.000000e+00  0.000000e+00  0.000000e+00
   outer loop
     vertex -2.500000e+01  1.000000e+01  5.000000e+02
     vertex -2.500000e+01  9.927089e+00  5.012054e+02
     vertex -2.500000e+01  2.500000e+01  1.000000e+03
   endloop
 endfacet
 facet normal -1.000000e+00  0.000000e+00  0.000000e+00
   outer loop
     vertex -2.500000e+01  9.927089e+00  5.012054e+02
     vertex -2.500000e+01  9.709418e+00  5.023932e+02
     vertex -2.500000e+01  2.500000e+01  1.000000e+03
   endloop
 endfacet
 facet normal -1.000000e+00  0.000000e+00  0.000000e+00
   outer loop
     vertex -2.500000e+01  9.709418e+00  5.023932e+02
     vertex -2.500000e+01  9.350162e+00  5.035460e+02
     vertex -2.500000e+01  2.500000e+01  1.000000e+03
   endloop
 endfacet
 facet normal -1.000000e+00  0.000000e+00  0.000000e+00
   outer loop
     vertex -2.500000e+01  2.500000e+01  0.000000e+00
     vertex -2.500000e+01  9.927089e+00  4.987946e+02
     vertex -2.500000e+01  1.000000e+01  5.000000e+02
   endloop
 endfacet
 facet normal -1.000000e+00  0.000000e+00  0.000000e+00
   outer loop
     vertex -2.500000e+01  2.500000e+01  0.000000e+00
     vertex -2.500000e+01  9.709418e+00  4.976068e+02
     vertex -2.500000e+01  9.927089e+00  4.987946e+02
   endloop
 endfacet
 facet normal -1.000000e+00  0.000000e+00  0.000000e+00
   outer loop
     vertex -2.500000e+01 -2.500000e+01  1.000000e+03
     vertex -2.500000e+01 -1.000000e+01  5.000000e+02
     vertex -2.500000e+01 -2.500000e+01  0.000000e+00
   endloop
 endfacet
 facet normal -1.000000e+00  0.000000e+00 -0.000000e+00
   outer loop
     vertex -2.500000e+01 -1.000000e+01  5.000000e+02
     vertex -2.500000e+01 -9.927089e+00  4.987946e+02
     vertex -2.500000e+01 -2.500000e+01  0.000000e+00
   endloop
 endfacet
 facet normal -1.000000e+00  0.000000e+00 -0.000000e+00
   outer loop
     vertex -2.500000e+01 -9.927089e+00  4.987946e+02
     vertex -2.500000e+01 -9.709418e+00  4.976068e+02
     vertex -2.500000e+01 -2.500000e+01  0.000000e+00
   endloop
 endfacet
 facet normal -1.000000e+00  0.000000e+00  0.000000e+00
   outer loop
     vertex -2.500000e+01 -2.500000e+01  1.000000e+03
     vertex -2.500000e+01 -9.927089e+00  5.012054e+02
     vertex -2.500000e+01 -1.000000e+01  5.000000e+02
   endloop
 endfacet
 facet normal -1.000000e+00  0.000000e+00  0.000000e+00
   outer loop
     vertex -2.500000e+01 -2.500000e+01  1.000000e+03
     vertex -2.500000e+01 -9.709418e+00  5.023932e+02
     vertex -2.500000e+01 -9.927089e+00  5.012054e+02
   endloop
 endfacet
 facet normal -1.000000e+00  0.000000e+00  0.000000e+00
   outer loop
     vertex -2.500000e+01 -2.500000e+01  1.000000e+03
     vertex -2.500000e+01 -9.350162e+00  5.035460e+02
     vertex -2.500000e+01 -9.709418e+00  5.023932e+02
   endloop
 endfacet
 facet normal  0.000000e+00  0.000000e+00 -1.000000e+00
   outer loop
     vertex -2.500000e+01  2.500000e+01  0.000000e+00
     vertex -2.350000e+01 -2.300000e+01  0.000000e+00
     vertex -2.500000e+01 -2.500000e+01  0.000000e+00
   endloop
 endfacet
 facet normal  0.000000e+00 -0.000000e+00 -1.000000e+00
   outer loop
     vertex  2.350000e+01 -2.300000e+01  0.000000e+00
     vertex  2.500000e+01 -2.500000e+01  0.000000e+00
     vertex -2.500000e+01 -2.500000e+01  0.000000e+00
   endloop
 endfacet
 facet normal -0.000000e+00  0.000000e+00 -1.000000e+00
   outer loop
     vertex  2.350000e+01 -2.300000e+01  0.000000e+00
     vertex -2.500000e+01 -2.500000e+01  0.000000e+00
     vertex -2.350000e+01 -2.300000e+01  0.000000e+00
   endloop
 endfacet
 facet normal -0.000000e+00 -0.000000e+00 -1.000000e+00
   outer loop
     vertex -2.350000e+01  2.400000e+01  0.000000e+00
     vertex -2.350000e+01 -2.300000e+01  0.000000e+00
     vertex -2.500000e+01  2.500000e+01  0.000000e+00
   endloop
 endfacet
 facet normal  0.000000e+00  0.000000e+00 -1.000000e+00
   outer loop
     vertex  2.500000e+01  2.500000e+01  0.000000e+00
     vertex  2.350000e+01 -2.300000e+01  0.000000e+00
     vertex  2.350000e+01  2.400000e+01  0.000000e+00
   endloop
 endfacet
 facet normal  0.000000e+00 -0.000000e+00 -1.000000e+00
   outer loop
     vertex  2.500000e+01  2.500000e+01  0.000000e+00
     vertex  2.500000e+01 -2.500000e+01  0.000000e+00
     vertex  2.350000e+01 -2.300000e+01  0.000000e+00
   endloop
 endfacet
 facet normal -0.000000e+00  0.000000e+00 -1.000000e+00
   outer loop
     vertex  2.500000e+01  2.500000e+01  0.000000e+00
     vertex -2.350000e+01  2.400000e+01  0.000000e+00
     vertex -2.500000e+01  2.500000e+01  0.000000e+00
   endloop
 endfacet
 facet normal  0.000000e+00  0.000000e+00 -1.000000e+00
   outer loop
     vertex  2.500000e+01  2.500000e+01  0.000000e+00
     vertex  2.350000e+01  2.400000e+01  0.000000e+00
     vertex -2.350000e+01  2.400000e+01  0.000000e+00
   endloop
 endfacet
 facet normal  0.000000e+00  0.000000e+00  1.000000e+00
   outer loop
     vertex -2.500000e+01  2.500000e+01  1.000000e+03
     vertex -2.500000e+01 -2.500000e+01  1.000000e+03
     vertex -2.350000e+01 -2.300000e+01  1.000000e+03
   endloop
 endfacet
 facet normal  0.000000e+00  0.000000e+00  1.000000e+00
   outer loop
     vertex  2.350000e+01 -2.300000e+01  1.000000e+03
     vertex -2.500000e+01 -2.500000e+01  1.000000e+03
     vertex  2.500000e+01 -2.500000e+01  1.000000e+03
   endloop
 endfacet
 facet normal  0.000000e+00  0.000000e+00  1.000000e+00
   outer loop
     vertex  2.350000e+01 -2.300000e+01  1.000000e+03
     vertex -2.350000e+01 -2.300000e+01  1.000000e+03
     vertex -2.500000e+01 -2.500000e+01  1.000000e+03
   endloop
 endfacet
 facet normal  0.000000e+00  0.000000e+00  1.000000e+00
   outer loop
     vertex -2.350000e+01  2.400000e+01  1.000000e+03
     vertex -2.500000e+01  2.500000e+01  1.000000e+03
     vertex -2.350000e+01 -2.300000e+01  1.000000e+03
   endloop
 endfacet
 facet normal  0.000000e+00  0.000000e+00  1.000000e+00
   outer loop
     vertex  2.500000e+01  2.500000e+01  1.000000e+03
     vertex  2.350000e+01  2.400000e+01  1.000000e+03
     vertex  2.350000e+01 -2.300000e+01  1.000000e+03
   endloop
 endfacet
 facet normal  0.000000e+00  0.000000e+00  1.000000e+00
   outer loop
     vertex  2.500000e+01  2.500000e+01  1.000000e+03
     vertex  2.350000e+01 -2.300000e+01  1.000000e+03
     vertex  2.500000e+01 -2.500000e+01  1.000000e+03
   endloop
 endfacet
 facet normal  0.000000e+00  0.000000e+00  1.000000e+00
   outer loop
     vertex  2.500000e+01  2.500000e+01  1.000000e+03
     vertex -2.500000e+01  2.500000e+01  1.000000e+03
     vertex -2.350000e+01  2.400000e+01  1.000000e+03
   endloop
 endfacet
 facet normal  0.000000e+00  0.000000e+00  1.000000e+00
   outer loop
     vertex  2.500000e+01  2.500000e+01  1.000000e+03
     vertex -2.350000e+01  2.400000e+01  1.000000e+03
     vertex  2.350000e+01  2.400000e+01  1.000000e+03
   endloop
 endfacet
 facet normal  1.000000e+00 -2.225298e-16  2.225298e-16
   outer loop
     vertex  2.500000e+01 -6.631227e+00  5.074851e+02
     vertex  2.500000e+01 -2.500000e+01  1.000000e+03
     vertex  2.500000e+01 -7.485107e+00  5.066312e+02
   endloop
 endfacet
 facet normal  1.000000e+00 -2.813720e-16  2.204409e-16
   outer loop
     vertex  2.500000e+01 -8.229839e+00  5.056806e+02
     vertex  2.500000e+01 -7.485107e+00  5.066312e+02
     vertex  2.500000e+01 -2.500000e+01  1.000000e+03
   endloop
 endfacet
 facet normal  1.000000e+00 -1.757090e-16  2.242760e-16
   outer loop
     vertex  2.500000e+01 -5.680647e+00  5.082298e+02
     vertex  2.500000e+01 -2.500000e+01  1.000000e+03
     vertex  2.500000e+01 -6.631227e+00  5.074851e+02
   endloop
 endfacet
 facet normal  1.000000e+00 -1.365105e-16  2.258159e-16
   outer loop
     vertex  2.500000e+01 -4.647232e+00  5.088546e+02
     vertex  2.500000e+01 -2.500000e+01  1.000000e+03
     vertex  2.500000e+01 -5.680647e+00  5.082298e+02
   endloop
 endfacet
 facet normal  1.000000e+00 -3.602283e-16  2.177656e-16
   outer loop
     vertex  2.500000e+01 -8.854560e+00  5.046472e+02
     vertex  2.500000e+01 -8.229839e+00  5.056806e+02
     vertex  2.500000e+01 -2.500000e+01  1.000000e+03
   endloop
 endfacet
 facet normal  1.000000e+00 -1.022701e-16  2.272348e-16
   outer loop
     vertex  2.500000e+01 -3.546049e+00  5.093502e+02
     vertex  2.500000e+01 -2.500000e+01  1.000000e+03
     vertex  2.500000e+01 -4.647232e+00  5.088546e+02
   endloop
 endfacet
 facet normal  1.000000e+00 -4.755068e-16  2.140082e-16
   outer loop
     vertex  2.500000e+01 -9.350162e+00  5.035460e+02
     vertex  2.500000e+01 -8.854560e+00  5.046472e+02
     vertex  2.500000e+01 -2.500000e+01  1.000000e+03
   endloop
 endfacet
 facet normal  1.000000e+00 -7.123215e-17  2.285920e-16
   outer loop
     vertex  2.500000e+01 -2.393157e+00  5.097094e+02
     vertex  2.500000e+01 -2.500000e+01  1.000000e+03
     vertex  2.500000e+01 -3.546049e+00  5.093502e+02
   endloop
 endfacet
 facet normal  1.000000e+00 -4.213689e-17  2.299336e-16
   outer loop
     vertex  2.500000e+01 -1.205367e+00  5.099271e+02
     vertex  2.500000e+01 -2.500000e+01  1.000000e+03
     vertex  2.500000e+01 -2.393157e+00  5.097094e+02
   endloop
 endfacet
 facet normal  1.000000e+00  0.000000e+00  2.320140e-16
   outer loop
     vertex  2.500000e+01  2.449294e-15  5.100000e+02
     vertex  2.500000e+01  2.500000e+01  1.000000e+03
     vertex  2.500000e+01 -2.500000e+01  1.000000e+03
   endloop
 endfacet
 facet normal  1.000000e+00 -1.399108e-17  2.313001e-16
   outer loop
     vertex  2.500000e+01  2.449294e-15  5.100000e+02
     vertex  2.500000e+01 -2.500000e+01  1.000000e+03
     vertex  2.500000e+01 -1.205367e+00  5.099271e+02
   endloop
 endfacet
 facet normal  1.000000e+00  1.399108e-17  2.313001e-16
   outer loop
     vertex  2.500000e+01  1.205367e+00  5.099271e+02
     vertex  2.500000e+01  2.500000e+01  1.000000e+03
     vertex  2.500000e+01  2.449294e-15  5.100000e+02
   endloop
 endfacet
 facet normal  1.000000e+00  4.213689e-17  2.299336e-16
   outer loop
     vertex  2.500000e+01  2.393157e+00  5.097094e+02
     vertex  2.500000e+01  2.500000e+01  1.000000e+03
     vertex  2.500000e+01  1.205367e+00  5.099271e+02
   endloop
 endfacet
 facet normal  1.000000e+00  7.123215e-17  2.285920e-16
   outer loop
     vertex  2.500000e+01  3.546049e+00  5.093502e+02
     vertex  2.500000e+01  2.500000e+01  1.000000e+03
     vertex  2.500000e+01  2.393157e+00  5.097094e+02
   endloop
 endfacet
 facet normal  1.000000e+00  1.022701e-16  2.272348e-16
   outer loop
     vertex  2.500000e+01  4.647232e+00  5.088546e+02
     vertex  2.500000e+01  2.500000e+01  1.000000e+03
     vertex  2.500000e+01  3.546049e+00  5.093502e+02
   endloop
 endfacet
 facet normal  1.000000e+00  1.365105e-16  2.258159e-16
   outer loop
     vertex  2.500000e+01  5.680647e+00  5.082298e+02
     vertex  2.500000e+01  2.500000e+01  1.000000e+03
     vertex  2.500000e+01  4.647232e+00  5.088546e+02
   endloop
 endfacet
 facet normal  1.000000e+00  1.757090e-16  2.242760e-16
   outer loop
     vertex  2.500000e+01  6.631227e+00  5.074851e+02
     vertex  2.500000e+01  2.500000e+01  1.000000e+03
     vertex  2.500000e+01  5.680647e+00  5.082298e+02
   endloop
 endfacet
 facet normal  1.000000e+00  2.225298e-16  2.225298e-16
   outer loop
     vertex  2.500000e+01  7.485107e+00  5.066312e+02
     vertex  2.500000e+01  2.500000e+01  1.000000e+03
     vertex  2.500000e+01  6.631227e+00  5.074851e+02
   endloop
 endfacet
 facet normal  1.000000e+00  2.813720e-16  2.204409e-16
   outer loop
     vertex  2.500000e+01  8.229839e+00  5.056806e+02
     vertex  2.500000e+01  2.500000e+01  1.000000e+03
     vertex  2.500000e+01  7.485107e+00  5.066312e+02
   endloop
 endfacet
 facet normal  1.000000e+00  3.602283e-16  2.177656e-16
   outer loop
     vertex  2.500000e+01  8.854560e+00  5.046472e+02
     vertex  2.500000e+01  2.500000e+01  1.000000e+03
     vertex  2.500000e+01  8.229839e+00  5.056806e+02
   endloop
 endfacet
 facet normal  1.000000e+00  4.755068e-16  2.140082e-16
   outer loop
     vertex  2.500000e+01  9.350162e+00  5.035460e+02
     vertex  2.500000e+01  2.500000e+01  1.000000e+03
     vertex  2.500000e+01  8.854560e+00  5.046472e+02
   endloop
 endfacet
 facet normal  1.000000e+00 -6.673676e-16 -2.079602e-16
   outer loop
     vertex  2.500000e+01 -2.500000e+01  0.000000e+00
     vertex  2.500000e+01 -9.350162e+00  4.964540e+02
     vertex  2.500000e+01 -9.709418e+00  4.976068e+02
   endloop
 endfacet
 facet normal  1.000000e+00 -4.755068e-16 -2.140082e-16
   outer loop
     vertex  2.500000e+01 -2.500000e+01  0.000000e+00
     vertex  2.500000e+01 -8.854560e+00  4.953528e+02
     vertex  2.500000e+01 -9.350162e+00  4.964540e+02
   endloop
 endfacet
 facet normal  1.000000e+00 -3.602283e-16 -2.177656e-16
   outer loop
     vertex  2.500000e+01 -2.500000e+01  0.000000e+00
     vertex  2.500000e+01 -8.229839e+00  4.943194e+02
     vertex  2.500000e+01 -8.854560e+00  4.953528e+02
   endloop
 endfacet
 facet normal  1.000000e+00 -2.813720e-16 -2.204409e-16
   outer loop
     vertex  2.500000e+01 -2.500000e+01  0.000000e+00
     vertex  2.500000e+01 -7.485107e+00  4.933688e+02
     vertex  2.500000e+01 -8.229839e+00  4.943194e+02
   endloop
 endfacet
 facet normal  1.000000e+00 -2.225298e-16 -2.225298e-16
   outer loop
     vertex  2.500000e+01 -2.500000e+01  0.000000e+00
     vertex  2.500000e+01 -6.631227e+00  4.925149e+02
     vertex  2.500000e+01 -7.485107e+00  4.933688e+02
   endloop
 endfacet
 facet normal  1.000000e+00 -1.757090e-16 -2.242760e-16
   outer loop
     vertex  2.500000e+01 -2.500000e+01  0.000000e+00
     vertex  2.500000e+01 -5.680647e+00  4.917702e+02
     vertex  2.500000e+01 -6.631227e+00  4.925149e+02
   endloop
 endfacet
 facet normal  1.000000e+00 -1.365105e-16 -2.258159e-16
   outer loop
     vertex  2.500000e+01 -2.500000e+01  0.000000e+00
     vertex  2.500000e+01 -4.647232e+00  4.911454e+02
     vertex  2.500000e+01 -5.680647e+00  4.917702e+02
   endloop
 endfacet
 facet normal  1.000000e+00 -1.022701e-16 -2.272348e-16
   outer loop
     vertex  2.500000e+01 -2.500000e+01  0.000000e+00
     vertex  2.500000e+01 -3.546049e+00  4.906498e+02
     vertex  2.500000e+01 -4.647232e+00  4.911454e+02
   endloop
 endfacet
 facet normal  1.000000e+00 -7.123215e-17 -2.285920e-16
   outer loop
     vertex  2.500000e+01 -2.500000e+01  0.000000e+00
     vertex  2.500000e+01 -2.393157e+00  4.902906e+02
     vertex  2.500000e+01 -3.546049e+00  4.906498e+02
   endloop
 endfacet
 facet normal  1.000000e+00 -4.213689e-17 -2.299336e-16
   outer loop
     vertex  2.500000e+01 -2.500000e+01  0.000000e+00
     vertex  2.500000e+01 -1.205367e+00  4.900729e+02
     vertex  2.500000e+01 -2.393157e+00  4.902906e+02
   endloop
 endfacet
 facet normal  1.000000e+00 -1.399108e-17 -2.313001e-16
   outer loop
     vertex  2.500000e+01 -2.500000e+01  0.000000e+00
     vertex  2.500000e+01 -3.391159e-13  4.900000e+02
     vertex  2.500000e+01 -1.205367e+00  4.900729e+02
   endloop
 endfacet
 facet normal  1.000000e+00  1.399108e-17 -2.313001e-16
   outer loop
     vertex  2.500000e+01  2.500000e+01  0.000000e+00
     vertex  2.500000e+01  1.205367e+00  4.900729e+02
     vertex  2.500000e+01 -3.391159e-13  4.900000e+02
   endloop
 endfacet
 facet normal  1.000000e+00  4.213689e-17 -2.299336e-16
   outer loop
     vertex  2.500000e+01  2.500000e+01  0.000000e+00
     vertex  2.500000e+01  2.393157e+00  4.902906e+02
     vertex  2.500000e+01  1.205367e+00  4.900729e+02
   endloop
 endfacet
 facet normal  1.000000e+00  7.123215e-17 -2.285920e-16
   outer loop
     vertex  2.500000e+01  2.500000e+01  0.000000e+00
     vertex  2.500000e+01  3.546049e+00  4.906498e+02
     vertex  2.500000e+01  2.393157e+00  4.902906e+02
   endloop
 endfacet
 facet normal  1.000000e+00  1.022701e-16 -2.272348e-16
   outer loop
     vertex  2.500000e+01  2.500000e+01  0.000000e+00
     vertex  2.500000e+01  4.647232e+00  4.911454e+02
     vertex  2.500000e+01  3.546049e+00  4.906498e+02
   endloop
 endfacet
 facet normal  1.000000e+00  1.365105e-16 -2.258159e-16
   outer loop
     vertex  2.500000e+01  2.500000e+01  0.000000e+00
     vertex  2.500000e+01  5.680647e+00  4.917702e+02
     vertex  2.500000e+01  4.647232e+00  4.911454e+02
   endloop
 endfacet
 facet normal  1.000000e+00  1.757090e-16 -2.242760e-16
   outer loop
     vertex  2.500000e+01  2.500000e+01  0.000000e+00
     vertex  2.500000e+01  6.631227e+00  4.925149e+02
     vertex  2.500000e+01  5.680647e+00  4.917702e+02
   endloop
 endfacet
 facet normal  1.000000e+00  2.225298e-16 -2.225298e-16
   outer loop
     vertex  2.500000e+01  2.500000e+01  0.000000e+00
     vertex  2.500000e+01  7.485107e+00  4.933688e+02
     vertex  2.500000e+01  6.631227e+00  4.925149e+02
   endloop
 endfacet
 facet normal  1.000000e+00  2.813720e-16 -2.204409e-16
   outer loop
     vertex  2.500000e+01  2.500000e+01  0.000000e+00
     vertex  2.500000e+01  8.229839e+00  4.943194e+02
     vertex  2.500000e+01  7.485107e+00  4.933688e+02
   endloop
 endfacet
 facet normal  1.000000e+00  3.602283e-16 -2.177656e-16
   outer loop
     vertex  2.500000e+01  2.500000e+01  0.000000e+00
     vertex  2.500000e+01  8.854560e+00  4.953528e+02
     vertex  2.500000e+01  8.229839e+00  4.943194e+02
   endloop
 endfacet
 facet normal  1.000000e+00  4.755068e-16 -2.140082e-16
   outer loop
     vertex  2.500000e+01  2.500000e+01  0.000000e+00
     vertex  2.500000e+01  9.350162e+00  4.964540e+02
     vertex  2.500000e+01  8.854560e+00  4.953528e+02
   endloop
 endfacet
 facet normal  1.000000e+00  6.673676e-16 -2.079602e-16
   outer loop
     vertex  2.500000e+01  2.500000e+01  0.000000e+00
     vertex  2.500000e+01  9.709418e+00  4.976068e+02
     vertex  2.500000e+01  9.350162e+00  4.964540e+02
   endloop
 endfacet
 facet normal  1.000000e+00  0.000000e+00 -2.320140e-16
   outer loop
     vertex  2.500000e+01  2.500000e+01  0.000000e+00
     vertex  2.500000e+01 -3.391159e-13  4.900000e+02
     vertex  2.500000e+01 -2.500000e+01  0.000000e+00
   endloop
 endfacet
 facet normal  1.000000e+00 -7.579123e-15  0.000000e+00
   outer loop
     vertex  2.500000e+01 -2.500000e+01  0.000000e+00
     vertex  2.500000e+01 -1.000000e+01  5.000000e+02
     vertex  2.500000e+01 -2.500000e+01  1.000000e+03
   endloop
 endfacet
 facet normal  1.000000e+00 -2.512726e-15  1.519919e-16
   outer loop
     vertex  2.500000e+01 -1.000000e+01  5.000000e+02
     vertex  2.500000e+01 -9.927089e+00  5.012054e+02
     vertex  2.500000e+01 -2.500000e+01  1.000000e+03
   endloop
 endfacet
 facet normal  1.000000e+00 -1.067678e-15  1.956593e-16
   outer loop
     vertex  2.500000e+01 -9.927089e+00  5.012054e+02
     vertex  2.500000e+01 -9.709418e+00  5.023932e+02
     vertex  2.500000e+01 -2.500000e+01  1.000000e+03
   endloop
 endfacet
 facet normal  1.000000e+00 -6.673676e-16  2.079602e-16
   outer loop
     vertex  2.500000e+01 -9.709418e+00  5.023932e+02
     vertex  2.500000e+01 -9.350162e+00  5.035460e+02
     vertex  2.500000e+01 -2.500000e+01  1.000000e+03
   endloop
 endfacet
 facet normal  1.000000e+00 -2.512726e-15 -1.519919e-16
   outer loop
     vertex  2.500000e+01 -2.500000e+01  0.000000e+00
     vertex  2.500000e+01 -9.927089e+00  4.987946e+02
     vertex  2.500000e+01 -1.000000e+01  5.000000e+02
   endloop
 endfacet
 facet normal  1.000000e+00 -1.067678e-15 -1.956593e-16
   outer loop
     vertex  2.500000e+01 -2.500000e+01  0.000000e+00
     vertex  2.500000e+01 -9.709418e+00  4.976068e+02
     vertex  2.500000e+01 -9.927089e+00  4.987946e+02
   endloop
 endfacet
 facet normal  1.000000e+00  7.579123e-15  0.000000e+00
   outer loop
     vertex  2.500000e+01  2.500000e+01  1.000000e+03
     vertex  2.500000e+01  1.000000e+01  5.000000e+02
     vertex  2.500000e+01  2.500000e+01  0.000000e+00
   endloop
 endfacet
 facet normal  1.000000e+00  2.512726e-15 -1.519919e-16
   outer loop
     vertex  2.500000e+01  1.000000e+01  5.000000e+02
     vertex  2.500000e+01  9.927089e+00  4.987946e+02
     vertex  2.500000e+01  2.500000e+01  0.000000e+00
   endloop
 endfacet
 facet normal  1.000000e+00  1.067678e-15 -1.956593e-16
   outer loop
     vertex  2.500000e+01  9.927089e+00  4.987946e+02
     vertex  2.500000e+01  9.709418e+00  4.976068e+02
     vertex  2.500000e+01  2.500000e+01  0.000000e+00
   endloop
 endfacet
 facet normal  1.000000e+00  2.512726e-15  1.519919e-16
   outer loop
     vertex  2.500000e+01  2.500000e+01  1.000000e+03
     vertex  2.500000e+01  9.927089e+00  5.012054e+02
     vertex  2.500000e+01  1.000000e+01  5.000000e+02
   endloop
 endfacet
 facet normal  1.000000e+00  1.067678e-15  1.956593e-16
   outer loop
     vertex  2.500000e+01  2.500000e+01  1.000000e+03
     vertex  2.500000e+01  9.709418e+00  5.023932e+02
     vertex  2.500000e+01  9.927089e+00  5.012054e+02
   endloop
 endfacet
 facet normal  1.000000e+00  6.673676e-16  2.079602e-16
   outer loop
     vertex  2.500000e+01  2.500000e+01  1.000000e+03
     vertex  2.500000e+01  9.350162e+00  5.035460e+02
     vertex  2.500000e+01  9.709418e+00  5.023932e+02
   endloop
 endfacet
 facet normal -6.156091e-02  0.000000e+00 -9.981033e-01
   outer loop
     vertex  7.373297e-01 -2.300000e+01  5.059545e+02
     vertex -1.469576e-15 -2.500000e+01  5.060000e+02
     vertex -1.469576e-15 -2.300000e+01  5.060000e+02
   endloop
 endfacet
 facet normal -6.156091e-02 -0.000000e+00 -9.981033e-01
   outer loop
     vertex  7.373297e-01 -2.300000e+01  5.059545e+02
     vertex  7.373297e-01 -2.500000e+01  5.059545e+02
     vertex -1.469576e-15 -2.500000e+01  5.060000e+02
   endloop
 endfacet
 facet normal -1.837495e-01  0.000000e+00 -9.829731e-01
   outer loop
     vertex  1.463482e+00 -2.300000e+01  5.058188e+02
     vertex  7.373297e-01 -2.500000e+01  5.059545e+02
     vertex  7.373297e-01 -2.300000e+01  5.059545e+02
   endloop
 endfacet
 facet normal -1.837495e-01 -0.000000e+00 -9.829731e-01
   outer loop
     vertex  1.463482e+00 -2.300000e+01  5.058188e+02
     vertex  1.463482e+00 -2.500000e+01  5.058188e+02
     vertex  7.373297e-01 -2.500000e+01  5.059545e+02
   endloop
 endfacet
 facet normal -3.031527e-01  0.000000e+00 -9.529420e-01
   outer loop
     vertex  2.167450e+00 -2.300000e+01  5.055948e+02
     vertex  1.463482e+00 -2.500000e+01  5.058188e+02
     vertex  1.463482e+00 -2.300000e+01  5.058188e+02
   endloop
 endfacet
 facet normal -3.031527e-01 -0.000000e+00 -9.529420e-01
   outer loop
     vertex  2.167450e+00 -2.300000e+01  5.055948e+02
     vertex  2.167450e+00 -2.500000e+01  5.055948e+02
     vertex  1.463482e+00 -2.500000e+01  5.058188e+02
   endloop
 endfacet
 facet normal -4.179603e-01  0.000000e+00 -9.084653e-01
   outer loop
     vertex  2.838561e+00 -2.300000e+01  5.052861e+02
     vertex  2.167450e+00 -2.500000e+01  5.055948e+02
     vertex  2.167450e+00 -2.300000e+01  5.055948e+02
   endloop
 endfacet
 facet normal -4.179603e-01 -0.000000e+00 -9.084653e-01
   outer loop
     vertex  2.838561e+00 -2.300000e+01  5.052861e+02
     vertex  2.838561e+00 -2.500000e+01  5.052861e+02
     vertex  2.167450e+00 -2.500000e+01  5.055948e+02
   endloop
 endfacet
 facet normal -5.264322e-01  0.000000e+00 -8.502171e-01
   outer loop
     vertex  3.466643e+00 -2.300000e+01  5.048972e+02
     vertex  2.838561e+00 -2.500000e+01  5.052861e+02
     vertex  2.838561e+00 -2.300000e+01  5.052861e+02
   endloop
 endfacet
 facet normal -5.264322e-01 -0.000000e+00 -8.502171e-01
   outer loop
     vertex  3.466643e+00 -2.300000e+01  5.048972e+02
     vertex  3.466643e+00 -2.500000e+01  5.048972e+02
     vertex  2.838561e+00 -2.500000e+01  5.052861e+02
   endloop
 endfacet
 facet normal -6.269238e-01  0.000000e+00 -7.790806e-01
   outer loop
     vertex  4.042174e+00 -2.300000e+01  5.044341e+02
     vertex  3.466643e+00 -2.500000e+01  5.048972e+02
     vertex  3.466643e+00 -2.300000e+01  5.048972e+02
   endloop
 endfacet
 facet normal -6.269238e-01 -0.000000e+00 -7.790806e-01
   outer loop
     vertex  4.042174e+00 -2.300000e+01  5.044341e+02
     vertex  4.042174e+00 -2.500000e+01  5.044341e+02
     vertex  3.466643e+00 -2.500000e+01  5.048972e+02
   endloop
 endfacet
 facet normal -7.179119e-01  0.000000e+00 -6.961339e-01
   outer loop
     vertex  4.556429e+00 -2.300000e+01  5.039037e+02
     vertex  4.042174e+00 -2.500000e+01  5.044341e+02
     vertex  4.042174e+00 -2.300000e+01  5.044341e+02
   endloop
 endfacet
 facet normal -7.179119e-01 -0.000000e+00 -6.961339e-01
   outer loop
     vertex  4.556429e+00 -2.300000e+01  5.039037e+02
     vertex  4.556429e+00 -2.500000e+01  5.039037e+02
     vertex  4.042174e+00 -2.500000e+01  5.044341e+02
   endloop
 endfacet
 facet normal -7.980172e-01  0.000000e+00 -6.026346e-01
   outer loop
     vertex  5.001614e+00 -2.300000e+01  5.033142e+02
     vertex  4.556429e+00 -2.500000e+01  5.039037e+02
     vertex  4.556429e+00 -2.300000e+01  5.039037e+02
   endloop
 endfacet
 facet normal -7.980172e-01 -0.000000e+00 -6.026346e-01
   outer loop
     vertex  5.001614e+00 -2.300000e+01  5.033142e+02
     vertex  5.001614e+00 -2.500000e+01  5.033142e+02
     vertex  4.556429e+00 -2.500000e+01  5.039037e+02
   endloop
 endfacet
 facet normal -8.660254e-01  0.000000e+00 -5.000000e-01
   outer loop
     vertex  5.370980e+00 -2.300000e+01  5.026744e+02
     vertex  5.001614e+00 -2.500000e+01  5.033142e+02
     vertex  5.001614e+00 -2.300000e+01  5.033142e+02
   endloop
 endfacet
 facet normal -8.660254e-01 -0.000000e+00 -5.000000e-01
   outer loop
     vertex  5.370980e+00 -2.300000e+01  5.026744e+02
     vertex  5.370980e+00 -2.500000e+01  5.026744e+02
     vertex  5.001614e+00 -2.500000e+01  5.033142e+02
   endloop
 endfacet
 facet normal -9.209055e-01  0.000000e+00 -3.897859e-01
   outer loop
     vertex  5.658927e+00 -2.300000e+01  5.019941e+02
     vertex  5.370980e+00 -2.500000e+01  5.026744e+02
     vertex  5.370980e+00 -2.300000e+01  5.026744e+02
   endloop
 endfacet
 facet normal -9.209055e-01 -0.000000e+00 -3.897859e-01
   outer loop
     vertex  5.658927e+00 -2.300000e+01  5.019941e+02
     vertex  5.658927e+00 -2.500000e+01  5.019941e+02
     vertex  5.370980e+00 -2.500000e+01  5.026744e+02
   endloop
 endfacet
 facet normal -9.618256e-01  0.000000e+00 -2.736630e-01
   outer loop
     vertex  5.861090e+00 -2.300000e+01  5.012836e+02
     vertex  5.658927e+00 -2.500000e+01  5.019941e+02
     vertex  5.658927e+00 -2.300000e+01  5.019941e+02
   endloop
 endfacet
 facet normal -9.618256e-01 -0.000000e+00 -2.736630e-01
   outer loop
     vertex  5.861090e+00 -2.300000e+01  5.012836e+02
     vertex  5.861090e+00 -2.500000e+01  5.012836e+02
     vertex  5.658927e+00 -2.500000e+01  5.019941e+02
   endloop
 endfacet
 facet normal -9.881655e-01  0.000000e+00 -1.533917e-01
   outer loop
     vertex  5.974405e+00 -2.300000e+01  5.005536e+02
     vertex  5.861090e+00 -2.500000e+01  5.012836e+02
     vertex  5.861090e+00 -2.300000e+01  5.012836e+02
   endloop
 endfacet
 facet normal -9.881655e-01 -0.000000e+00 -1.533917e-01
   outer loop
     vertex  5.974405e+00 -2.300000e+01  5.005536e+02
     vertex  5.974405e+00 -2.500000e+01  5.005536e+02
     vertex  5.861090e+00 -2.500000e+01  5.012836e+02
   endloop
 endfacet
 facet normal -9.995257e-01  0.000000e+00 -3.079506e-02
   outer loop
     vertex  5.997154e+00 -2.300000e+01  4.998152e+02
     vertex  5.974405e+00 -2.500000e+01  5.005536e+02
     vertex  5.974405e+00 -2.300000e+01  5.005536e+02
   endloop
 endfacet
 facet normal -9.995257e-01 -0.000000e+00 -3.079506e-02
   outer loop
     vertex  5.997154e+00 -2.300000e+01  4.998152e+02
     vertex  5.997154e+00 -2.500000e+01  4.998152e+02
     vertex  5.974405e+00 -2.500000e+01  5.005536e+02
   endloop
 endfacet
 facet normal -9.957342e-01  0.000000e+00  9.226836e-02
   outer loop
     vertex  5.928993e+00 -2.300000e+01  4.990797e+02
     vertex  5.928993e+00 -2.500000e+01  4.990797e+02
     vertex  5.997154e+00 -2.500000e+01  4.998152e+02
   endloop
 endfacet
 facet normal -9.957342e-01  0.000000e+00  9.226836e-02
   outer loop
     vertex  5.928993e+00 -2.300000e+01  4.990797e+02
     vertex  5.997154e+00 -2.500000e+01  4.998152e+02
     vertex  5.997154e+00 -2.300000e+01  4.998152e+02
   endloop
 endfacet
 facet normal -9.768483e-01  0.000000e+00  2.139331e-01
   outer loop
     vertex  5.770954e+00 -2.300000e+01  4.983580e+02
     vertex  5.770954e+00 -2.500000e+01  4.983580e+02
     vertex  5.928993e+00 -2.500000e+01  4.990797e+02
   endloop
 endfacet
 facet normal -9.768483e-01  0.000000e+00  2.139331e-01
   outer loop
     vertex  5.770954e+00 -2.300000e+01  4.983580e+02
     vertex  5.928993e+00 -2.500000e+01  4.990797e+02
     vertex  5.928993e+00 -2.300000e+01  4.990797e+02
   endloop
 endfacet
 facet normal -9.431544e-01  0.000000e+00  3.323548e-01
   outer loop
     vertex  5.525433e+00 -2.300000e+01  4.976613e+02
     vertex  5.525433e+00 -2.500000e+01  4.976613e+02
     vertex  5.770954e+00 -2.500000e+01  4.983580e+02
   endloop
 endfacet
 facet normal -8.951633e-01  0.000000e+00  4.457384e-01
   outer loop
     vertex  5.525433e+00 -2.300000e+01  4.976613e+02
     vertex  5.196152e+00 -2.500000e+01  4.970000e+02
     vertex  5.525433e+00 -2.500000e+01  4.976613e+02
   endloop
 endfacet
 facet normal -9.431544e-01  0.000000e+00  3.323548e-01
   outer loop
     vertex  5.525433e+00 -2.300000e+01  4.976613e+02
     vertex  5.770954e+00 -2.500000e+01  4.983580e+02
     vertex  5.770954e+00 -2.300000e+01  4.983580e+02
   endloop
 endfacet
 facet normal -8.951633e-01  0.000000e+00  4.457384e-01
   outer loop
     vertex  5.196152e+00 -2.300000e+01  4.970000e+02
     vertex  5.196152e+00 -2.500000e+01  4.970000e+02
     vertex  5.525433e+00 -2.300000e+01  4.976613e+02
   endloop
 endfacet
 facet normal -8.336024e-01  0.000000e+00  5.523650e-01
   outer loop
     vertex  4.788103e+00 -2.300000e+01  4.963842e+02
     vertex  4.788103e+00 -2.500000e+01  4.963842e+02
     vertex  5.196152e+00 -2.500000e+01  4.970000e+02
   endloop
 endfacet
 facet normal -8.336024e-01  0.000000e+00  5.523650e-01
   outer loop
     vertex  4.788103e+00 -2.300000e+01  4.963842e+02
     vertex  5.196152e+00 -2.500000e+01  4.970000e+02
     vertex  5.196152e+00 -2.300000e+01  4.970000e+02
   endloop
 endfacet
 facet normal -7.594049e-01  0.000000e+00  6.506183e-01
   outer loop
     vertex  4.307472e+00 -2.300000e+01  4.958232e+02
     vertex  4.307472e+00 -2.500000e+01  4.958232e+02
     vertex  4.788103e+00 -2.500000e+01  4.963842e+02
   endloop
 endfacet
 facet normal -7.594049e-01  0.000000e+00  6.506183e-01
   outer loop
     vertex  4.307472e+00 -2.300000e+01  4.958232e+02
     vertex  4.788103e+00 -2.500000e+01  4.963842e+02
     vertex  4.788103e+00 -2.300000e+01  4.963842e+02
   endloop
 endfacet
 facet normal -6.736956e-01  0.000000e+00  7.390089e-01
   outer loop
     vertex  3.761543e+00 -2.300000e+01  4.953255e+02
     vertex  3.761543e+00 -2.500000e+01  4.953255e+02
     vertex  4.307472e+00 -2.500000e+01  4.958232e+02
   endloop
 endfacet
 facet normal -6.736956e-01  0.000000e+00  7.390089e-01
   outer loop
     vertex  3.761543e+00 -2.300000e+01  4.953255e+02
     vertex  4.307472e+00 -2.500000e+01  4.958232e+02
     vertex  4.307472e+00 -2.300000e+01  4.958232e+02
   endloop
 endfacet
 facet normal -5.777738e-01  0.000000e+00  8.161969e-01
   outer loop
     vertex  3.158593e+00 -2.300000e+01  4.948987e+02
     vertex  3.158593e+00 -2.500000e+01  4.948987e+02
     vertex  3.761543e+00 -2.500000e+01  4.953255e+02
   endloop
 endfacet
 facet normal -5.777738e-01  0.000000e+00  8.161969e-01
   outer loop
     vertex  3.158593e+00 -2.300000e+01  4.948987e+02
     vertex  3.761543e+00 -2.500000e+01  4.953255e+02
     vertex  3.761543e+00 -2.300000e+01  4.953255e+02
   endloop
 endfacet
 facet normal -4.730936e-01  0.000000e+00  8.810122e-01
   outer loop
     vertex  2.507762e+00 -2.300000e+01  4.945492e+02
     vertex  2.507762e+00 -2.500000e+01  4.945492e+02
     vertex  3.158593e+00 -2.500000e+01  4.948987e+02
   endloop
 endfacet
 facet normal -4.730936e-01  0.000000e+00  8.810122e-01
   outer loop
     vertex  2.507762e+00 -2.300000e+01  4.945492e+02
     vertex  3.158593e+00 -2.500000e+01  4.948987e+02
     vertex  3.158593e+00 -2.300000e+01  4.948987e+02
   endloop
 endfacet
 facet normal -3.612417e-01  0.000000e+00  9.324722e-01
   outer loop
     vertex  1.818916e+00 -2.300000e+01  4.942823e+02
     vertex  1.818916e+00 -2.500000e+01  4.942823e+02
     vertex  2.507762e+00 -2.500000e+01  4.945492e+02
   endloop
 endfacet
 facet normal -3.612417e-01  0.000000e+00  9.324722e-01
   outer loop
     vertex  1.818916e+00 -2.300000e+01  4.942823e+02
     vertex  2.507762e+00 -2.500000e+01  4.945492e+02
     vertex  2.507762e+00 -2.300000e+01  4.945492e+02
   endloop
 endfacet
 facet normal -2.439137e-01  0.000000e+00  9.697969e-01
   outer loop
     vertex  1.102497e+00 -2.300000e+01  4.941022e+02
     vertex  1.818916e+00 -2.500000e+01  4.942823e+02
     vertex  1.818916e+00 -2.300000e+01  4.942823e+02
   endloop
 endfacet
 facet normal -2.439137e-01  0.000000e+00  9.697969e-01
   outer loop
     vertex  1.102497e+00 -2.300000e+01  4.941022e+02
     vertex  1.102497e+00 -2.500000e+01  4.941022e+02
     vertex  1.818916e+00 -2.500000e+01  4.942823e+02
   endloop
 endfacet
 facet normal -1.228883e-01  0.000000e+00  9.924205e-01
   outer loop
     vertex  3.693654e-01 -2.300000e+01  4.940114e+02
     vertex  1.102497e+00 -2.500000e+01  4.941022e+02
     vertex  1.102497e+00 -2.300000e+01  4.941022e+02
   endloop
 endfacet
 facet normal -1.228883e-01  0.000000e+00  9.924205e-01
   outer loop
     vertex  3.693654e-01 -2.300000e+01  4.940114e+02
     vertex  3.693654e-01 -2.500000e+01  4.940114e+02
     vertex  1.102497e+00 -2.500000e+01  4.941022e+02
   endloop
 endfacet
 facet normal -0.000000e+00  0.000000e+00  1.000000e+00
   outer loop
     vertex -3.693654e-01 -2.300000e+01  4.940114e+02
     vertex  3.693654e-01 -2.500000e+01  4.940114e+02
     vertex  3.693654e-01 -2.300000e+01  4.940114e+02
   endloop
 endfacet
 facet normal  0.000000e+00  0.000000e+00  1.000000e+00
   outer loop
     vertex -3.693654e-01 -2.300000e+01  4.940114e+02
     vertex -3.693654e-01 -2.500000e+01  4.940114e+02
     vertex  3.693654e-01 -2.500000e+01  4.940114e+02
   endloop
 endfacet
 facet normal  1.228883e-01  0.000000e+00  9.924205e-01
   outer loop
     vertex -1.102497e+00 -2.300000e+01  4.941022e+02
     vertex -3.693654e-01 -2.500000e+01  4.940114e+02
     vertex -3.693654e-01 -2.300000e+01  4.940114e+02
   endloop
 endfacet
 facet normal  1.228883e-01  0.000000e+00  9.924205e-01
   outer loop
     vertex -1.102497e+00 -2.300000e+01  4.941022e+02
     vertex -1.102497e+00 -2.500000e+01  4.941022e+02
     vertex -3.693654e-01 -2.500000e+01  4.940114e+02
   endloop
 endfacet
 facet normal  2.439137e-01  0.000000e+00  9.697969e-01
   outer loop
     vertex -1.818916e+00 -2.300000e+01  4.942823e+02
     vertex -1.102497e+00 -2.500000e+01  4.941022e+02
     vertex -1.102497e+00 -2.300000e+01  4.941022e+02
   endloop
 endfacet
 facet normal  2.439137e-01  0.000000e+00  9.697969e-01
   outer loop
     vertex -1.818916e+00 -2.300000e+01  4.942823e+02
     vertex -1.818916e+00 -2.500000e+01  4.942823e+02
     vertex -1.102497e+00 -2.500000e+01  4.941022e+02
   endloop
 endfacet
 facet normal  3.612417e-01  0.000000e+00  9.324722e-01
   outer loop
     vertex -2.507762e+00 -2.300000e+01  4.945492e+02
     vertex -1.818916e+00 -2.500000e+01  4.942823e+02
     vertex -1.818916e+00 -2.300000e+01  4.942823e+02
   endloop
 endfacet
 facet normal  3.612417e-01  0.000000e+00  9.324722e-01
   outer loop
     vertex -2.507762e+00 -2.300000e+01  4.945492e+02
     vertex -2.507762e+00 -2.500000e+01  4.945492e+02
     vertex -1.818916e+00 -2.500000e+01  4.942823e+02
   endloop
 endfacet
 facet normal  4.730936e-01  0.000000e+00  8.810122e-01
   outer loop
     vertex -3.158593e+00 -2.300000e+01  4.948987e+02
     vertex -2.507762e+00 -2.500000e+01  4.945492e+02
     vertex -2.507762e+00 -2.300000e+01  4.945492e+02
   endloop
 endfacet
 facet normal  4.730936e-01  0.000000e+00  8.810122e-01
   outer loop
     vertex -3.158593e+00 -2.300000e+01  4.948987e+02
     vertex -3.158593e+00 -2.500000e+01  4.948987e+02
     vertex -2.507762e+00 -2.500000e+01  4.945492e+02
   endloop
 endfacet
 facet normal  5.777738e-01  0.000000e+00  8.161969e-01
   outer loop
     vertex -3.761543e+00 -2.300000e+01  4.953255e+02
     vertex -3.158593e+00 -2.500000e+01  4.948987e+02
     vertex -3.158593e+00 -2.300000e+01  4.948987e+02
   endloop
 endfacet
 facet normal  5.777738e-01  0.000000e+00  8.161969e-01
   outer loop
     vertex -3.761543e+00 -2.300000e+01  4.953255e+02
     vertex -3.761543e+00 -2.500000e+01  4.953255e+02
     vertex -3.158593e+00 -2.500000e+01  4.948987e+02
   endloop
 endfacet
 facet normal  6.736956e-01  0.000000e+00  7.390089e-01
   outer loop
     vertex -4.307472e+00 -2.300000e+01  4.958232e+02
     vertex -3.761543e+00 -2.500000e+01  4.953255e+02
     vertex -3.761543e+00 -2.300000e+01  4.953255e+02
   endloop
 endfacet
 facet normal  6.736956e-01  0.000000e+00  7.390089e-01
   outer loop
     vertex -4.307472e+00 -2.300000e+01  4.958232e+02
     vertex -4.307472e+00 -2.500000e+01  4.958232e+02
     vertex -3.761543e+00 -2.500000e+01  4.953255e+02
   endloop
 endfacet
 facet normal  7.594049e-01  0.000000e+00  6.506183e-01
   outer loop
     vertex -4.788103e+00 -2.300000e+01  4.963842e+02
     vertex -4.307472e+00 -2.500000e+01  4.958232e+02
     vertex -4.307472e+00 -2.300000e+01  4.958232e+02
   endloop
 endfacet
 facet normal  7.594049e-01  0.000000e+00  6.506183e-01
   outer loop
     vertex -4.788103e+00 -2.300000e+01  4.963842e+02
     vertex -4.788103e+00 -2.500000e+01  4.963842e+02
     vertex -4.307472e+00 -2.500000e+01  4.958232e+02
   endloop
 endfacet
 facet normal  8.336024e-01  0.000000e+00  5.523650e-01
   outer loop
     vertex -5.196152e+00 -2.300000e+01  4.970000e+02
     vertex -4.788103e+00 -2.500000e+01  4.963842e+02
     vertex -4.788103e+00 -2.300000e+01  4.963842e+02
   endloop
 endfacet
 facet normal  8.336024e-01  0.000000e+00  5.523650e-01
   outer loop
     vertex -5.196152e+00 -2.300000e+01  4.970000e+02
     vertex -5.196152e+00 -2.500000e+01  4.970000e+02
     vertex -4.788103e+00 -2.500000e+01  4.963842e+02
   endloop
 endfacet
 facet normal  8.951633e-01  0.000000e+00  4.457384e-01
   outer loop
     vertex -5.525433e+00 -2.300000e+01  4.976613e+02
     vertex -5.196152e+00 -2.500000e+01  4.970000e+02
     vertex -5.196152e+00 -2.300000e+01  4.970000e+02
   endloop
 endfacet
 facet normal  8.951633e-01  0.000000e+00  4.457384e-01
   outer loop
     vertex -5.525433e+00 -2.300000e+01  4.976613e+02
     vertex -5.525433e+00 -2.500000e+01  4.976613e+02
     vertex -5.196152e+00 -2.500000e+01  4.970000e+02
   endloop
 endfacet
 facet normal  9.431544e-01  0.000000e+00  3.323548e-01
   outer loop
     vertex -5.525433e+00 -2.300000e+01  4.976613e+02
     vertex -5.770954e+00 -2.500000e+01  4.983580e+02
     vertex -5.525433e+00 -2.500000e+01  4.976613e+02
   endloop
 endfacet
 facet normal  9.431544e-01  0.000000e+00  3.323548e-01
   outer loop
     vertex -5.770954e+00 -2.300000e+01  4.983580e+02
     vertex -5.770954e+00 -2.500000e+01  4.983580e+02
     vertex -5.525433e+00 -2.300000e+01  4.976613e+02
   endloop
 endfacet
 facet normal  9.768483e-01  0.000000e+00  2.139331e-01
   outer loop
     vertex -5.928993e+00 -2.300000e+01  4.990797e+02
     vertex -5.770954e+00 -2.500000e+01  4.983580e+02
     vertex -5.770954e+00 -2.300000e+01  4.983580e+02
   endloop
 endfacet
 facet normal  9.768483e-01  0.000000e+00  2.139331e-01
   outer loop
     vertex -5.928993e+00 -2.300000e+01  4.990797e+02
     vertex -5.928993e+00 -2.500000e+01  4.990797e+02
     vertex -5.770954e+00 -2.500000e+01  4.983580e+02
   endloop
 endfacet
 facet normal  9.957342e-01  0.000000e+00  9.226836e-02
   outer loop
     vertex -5.997154e+00 -2.300000e+01  4.998152e+02
     vertex -5.928993e+00 -2.500000e+01  4.990797e+02
     vertex -5.928993e+00 -2.300000e+01  4.990797e+02
   endloop
 endfacet
 facet normal  9.957342e-01  0.000000e+00  9.226836e-02
   outer loop
     vertex -5.997154e+00 -2.300000e+01  4.998152e+02
     vertex -5.997154e+00 -2.500000e+01  4.998152e+02
     vertex -5.928993e+00 -2.500000e+01  4.990797e+02
   endloop
 endfacet
 facet normal  9.995257e-01  0.000000e+00 -3.079506e-02
   outer loop
     vertex -5.974405e+00 -2.300000e+01  5.005536e+02
     vertex -5.997154e+00 -2.500000e+01  4.998152e+02
     vertex -5.997154e+00 -2.300000e+01  4.998152e+02
   endloop
 endfacet
 facet normal  9.995257e-01  0.000000e+00 -3.079506e-02
   outer loop
     vertex -5.974405e+00 -2.300000e+01  5.005536e+02
     vertex -5.974405e+00 -2.500000e+01  5.005536e+02
     vertex -5.997154e+00 -2.500000e+01  4.998152e+02
   endloop
 endfacet
 facet normal  9.881655e-01  0.000000e+00 -1.533917e-01
   outer loop
     vertex -5.861090e+00 -2.300000e+01  5.012836e+02
     vertex -5.974405e+00 -2.500000e+01  5.005536e+02
     vertex -5.974405e+00 -2.300000e+01  5.005536e+02
   endloop
 endfacet
 facet normal  9.881655e-01  0.000000e+00 -1.533917e-01
   outer loop
     vertex -5.861090e+00 -2.300000e+01  5.012836e+02
     vertex -5.861090e+00 -2.500000e+01  5.012836e+02
     vertex -5.974405e+00 -2.500000e+01  5.005536e+02
   endloop
 endfacet
 facet normal  9.618256e-01  0.000000e+00 -2.736630e-01
   outer loop
     vertex -5.658927e+00 -2.300000e+01  5.019941e+02
     vertex -5.861090e+00 -2.500000e+01  5.012836e+02
     vertex -5.861090e+00 -2.300000e+01  5.012836e+02
   endloop
 endfacet
 facet normal  9.618256e-01  0.000000e+00 -2.736630e-01
   outer loop
     vertex -5.658927e+00 -2.300000e+01  5.019941e+02
     vertex -5.658927e+00 -2.500000e+01  5.019941e+02
     vertex -5.861090e+00 -2.500000e+01  5.012836e+02
   endloop
 endfacet
 facet normal  9.209055e-01  0.000000e+00 -3.897859e-01
   outer loop
     vertex -5.658927e+00 -2.300000e+01  5.019941e+02
     vertex -5.370980e+00 -2.500000e+01  5.026744e+02
     vertex -5.658927e+00 -2.500000e+01  5.019941e+02
   endloop
 endfacet
 facet normal  9.209055e-01  0.000000e+00 -3.897859e-01
   outer loop
     vertex -5.370980e+00 -2.300000e+01  5.026744e+02
     vertex -5.370980e+00 -2.500000e+01  5.026744e+02
     vertex -5.658927e+00 -2.300000e+01  5.019941e+02
   endloop
 endfacet
 facet normal  8.660254e-01  0.000000e+00 -5.000000e-01
   outer loop
     vertex -5.001614e+00 -2.300000e+01  5.033142e+02
     vertex -5.370980e+00 -2.500000e+01  5.026744e+02
     vertex -5.370980e+00 -2.300000e+01  5.026744e+02
   endloop
 endfacet
 facet normal  8.660254e-01  0.000000e+00 -5.000000e-01
   outer loop
     vertex -5.001614e+00 -2.300000e+01  5.033142e+02
     vertex -5.001614e+00 -2.500000e+01  5.033142e+02
     vertex -5.370980e+00 -2.500000e+01  5.026744e+02
   endloop
 endfacet
 facet normal  7.980172e-01  0.000000e+00 -6.026346e-01
   outer loop
     vertex -4.556429e+00 -2.300000e+01  5.039037e+02
     vertex -5.001614e+00 -2.500000e+01  5.033142e+02
     vertex -5.001614e+00 -2.300000e+01  5.033142e+02
   endloop
 endfacet
 facet normal  7.980172e-01  0.000000e+00 -6.026346e-01
   outer loop
     vertex -4.556429e+00 -2.300000e+01  5.039037e+02
     vertex -4.556429e+00 -2.500000e+01  5.039037e+02
     vertex -5.001614e+00 -2.500000e+01  5.033142e+02
   endloop
 endfacet
 facet normal  7.179119e-01  0.000000e+00 -6.961339e-01
   outer loop
     vertex -4.042174e+00 -2.300000e+01  5.044341e+02
     vertex -4.556429e+00 -2.500000e+01  5.039037e+02
     vertex -4.556429e+00 -2.300000e+01  5.039037e+02
   endloop
 endfacet
 facet normal  7.179119e-01  0.000000e+00 -6.961339e-01
   outer loop
     vertex -4.042174e+00 -2.300000e+01  5.044341e+02
     vertex -4.042174e+00 -2.500000e+01  5.044341e+02
     vertex -4.556429e+00 -2.500000e+01  5.039037e+02
   endloop
 endfacet
 facet normal  6.269238e-01  0.000000e+00 -7.790806e-01
   outer loop
     vertex -3.466643e+00 -2.300000e+01  5.048972e+02
     vertex -4.042174e+00 -2.500000e+01  5.044341e+02
     vertex -4.042174e+00 -2.300000e+01  5.044341e+02
   endloop
 endfacet
 facet normal  6.269238e-01  0.000000e+00 -7.790806e-01
   outer loop
     vertex -3.466643e+00 -2.300000e+01  5.048972e+02
     vertex -3.466643e+00 -2.500000e+01  5.048972e+02
     vertex -4.042174e+00 -2.500000e+01  5.044341e+02
   endloop
 endfacet
 facet normal  5.264322e-01  0.000000e+00 -8.502171e-01
   outer loop
     vertex -2.838561e+00 -2.300000e+01  5.052861e+02
     vertex -3.466643e+00 -2.500000e+01  5.048972e+02
     vertex -3.466643e+00 -2.300000e+01  5.048972e+02
   endloop
 endfacet
 facet normal  5.264322e-01  0.000000e+00 -8.502171e-01
   outer loop
     vertex -2.838561e+00 -2.300000e+01  5.052861e+02
     vertex -2.838561e+00 -2.500000e+01  5.052861e+02
     vertex -3.466643e+00 -2.500000e+01  5.048972e+02
   endloop
 endfacet
 facet normal  4.179603e-01  0.000000e+00 -9.084653e-01
   outer loop
     vertex -2.167450e+00 -2.300000e+01  5.055948e+02
     vertex -2.838561e+00 -2.500000e+01  5.052861e+02
     vertex -2.838561e+00 -2.300000e+01  5.052861e+02
   endloop
 endfacet
 facet normal  4.179603e-01  0.000000e+00 -9.084653e-01
   outer loop
     vertex -2.167450e+00 -2.300000e+01  5.055948e+02
     vertex -2.167450e+00 -2.500000e+01  5.055948e+02
     vertex -2.838561e+00 -2.500000e+01  5.052861e+02
   endloop
 endfacet
 facet normal  3.031527e-01  0.000000e+00 -9.529420e-01
   outer loop
     vertex -1.463482e+00 -2.300000e+01  5.058188e+02
     vertex -1.463482e+00 -2.500000e+01  5.058188e+02
     vertex -2.167450e+00 -2.500000e+01  5.055948e+02
   endloop
 endfacet
 facet normal  3.031527e-01  0.000000e+00 -9.529420e-01
   outer loop
     vertex -1.463482e+00 -2.300000e+01  5.058188e+02
     vertex -2.167450e+00 -2.500000e+01  5.055948e+02
     vertex -2.167450e+00 -2.300000e+01  5.055948e+02
   endloop
 endfacet
 facet normal  1.837495e-01  0.000000e+00 -9.829731e-01
   outer loop
     vertex -7.373297e-01 -2.300000e+01  5.059545e+02
     vertex -7.373297e-01 -2.500000e+01  5.059545e+02
     vertex -1.463482e+00 -2.500000e+01  5.058188e+02
   endloop
 endfacet
 facet normal  1.837495e-01  0.000000e+00 -9.829731e-01
   outer loop
     vertex -7.373297e-01 -2.300000e+01  5.059545e+02
     vertex -1.463482e+00 -2.500000e+01  5.058188e+02
     vertex -1.463482e+00 -2.300000e+01  5.058188e+02
   endloop
 endfacet
 facet normal  6.156091e-02  0.000000e+00 -9.981033e-01
   outer loop
     vertex -1.469576e-15 -2.300000e+01  5.060000e+02
     vertex -1.469576e-15 -2.500000e+01  5.060000e+02
     vertex -7.373297e-01 -2.500000e+01  5.059545e+02
   endloop
 endfacet
 facet normal  6.156091e-02  0.000000e+00 -9.981033e-01
   outer loop
     vertex -1.469576e-15 -2.300000e+01  5.060000e+02
     vertex -7.373297e-01 -2.500000e+01  5.059545e+02
     vertex -7.373297e-01 -2.300000e+01  5.059545e+02
   endloop
 endfacet
 facet normal  2.266978e-16  1.000000e+00  2.198209e-16
   outer loop
     vertex  4.556429e+00  2.500000e+01  5.039037e+02
     vertex  4.042174e+00  2.500000e+01  5.044341e+02
     vertex  2.500000e+01  2.500000e+01  1.000000e+03
   endloop
 endfacet
 facet normal  1.785285e-16  1.000000e+00  2.218580e-16
   outer loop
     vertex  3.466643e+00  2.500000e+01  5.048972e+02
     vertex  2.500000e+01  2.500000e+01  1.000000e+03
     vertex  4.042174e+00  2.500000e+01  5.044341e+02
   endloop
 endfacet
 facet normal  2.877579e-16  1.000000e+00  2.173047e-16
   outer loop
     vertex  5.001614e+00  2.500000e+01  5.033142e+02
     vertex  4.556429e+00  2.500000e+01  5.039037e+02
     vertex  2.500000e+01  2.500000e+01  1.000000e+03
   endloop
 endfacet
 facet normal  1.384480e-16  1.000000e+00  2.236012e-16
   outer loop
     vertex  2.838561e+00  2.500000e+01  5.052861e+02
     vertex  2.500000e+01  2.500000e+01  1.000000e+03
     vertex  3.466643e+00  2.500000e+01  5.048972e+02
   endloop
 endfacet
 facet normal  3.706051e-16  1.000000e+00  2.139689e-16
   outer loop
     vertex  5.370980e+00  2.500000e+01  5.026744e+02
     vertex  5.001614e+00  2.500000e+01  5.033142e+02
     vertex  2.500000e+01  2.500000e+01  1.000000e+03
   endloop
 endfacet
 facet normal  1.035913e-16  1.000000e+00  2.251627e-16
   outer loop
     vertex  2.167450e+00  2.500000e+01  5.055948e+02
     vertex  2.500000e+01  2.500000e+01  1.000000e+03
     vertex  2.838561e+00  2.500000e+01  5.052861e+02
   endloop
 endfacet
 facet normal  4.940138e-16  1.000000e+00  2.090981e-16
   outer loop
     vertex  5.658927e+00  2.500000e+01  5.019941e+02
     vertex  5.370980e+00  2.500000e+01  5.026744e+02
     vertex  2.500000e+01  2.500000e+01  1.000000e+03
   endloop
 endfacet
 facet normal  7.209217e-17  1.000000e+00  2.266174e-16
   outer loop
     vertex  1.463482e+00  2.500000e+01  5.058188e+02
     vertex  2.500000e+01  2.500000e+01  1.000000e+03
     vertex  2.167450e+00  2.500000e+01  5.055948e+02
   endloop
 endfacet
 facet normal  4.262448e-17  1.000000e+00  2.280208e-16
   outer loop
     vertex  7.373297e-01  2.500000e+01  5.059545e+02
     vertex  2.500000e+01  2.500000e+01  1.000000e+03
     vertex  1.463482e+00  2.500000e+01  5.058188e+02
   endloop
 endfacet
 facet normal  0.000000e+00  1.000000e+00  2.301353e-16
   outer loop
     vertex -1.469576e-15  2.500000e+01  5.060000e+02
     vertex -2.500000e+01  2.500000e+01  1.000000e+03
     vertex  2.500000e+01  2.500000e+01  1.000000e+03
   endloop
 endfacet
 facet normal  1.415009e-17  1.000000e+00  2.294192e-16
   outer loop
     vertex -1.469576e-15  2.500000e+01  5.060000e+02
     vertex  2.500000e+01  2.500000e+01  1.000000e+03
     vertex  7.373297e-01  2.500000e+01  5.059545e+02
   endloop
 endfacet
 facet normal -1.415009e-17  1.000000e+00  2.294192e-16
   outer loop
     vertex -7.373297e-01  2.500000e+01  5.059545e+02
     vertex -2.500000e+01  2.500000e+01  1.000000e+03
     vertex -1.469576e-15  2.500000e+01  5.060000e+02
   endloop
 endfacet
 facet normal -4.262448e-17  1.000000e+00  2.280208e-16
   outer loop
     vertex -1.463482e+00  2.500000e+01  5.058188e+02
     vertex -2.500000e+01  2.500000e+01  1.000000e+03
     vertex -7.373297e-01  2.500000e+01  5.059545e+02
   endloop
 endfacet
 facet normal -7.209217e-17  1.000000e+00  2.266174e-16
   outer loop
     vertex -2.167450e+00  2.500000e+01  5.055948e+02
     vertex -2.500000e+01  2.500000e+01  1.000000e+03
     vertex -1.463482e+00  2.500000e+01  5.058188e+02
   endloop
 endfacet
 facet normal -1.035913e-16  1.000000e+00  2.251627e-16
   outer loop
     vertex -2.838561e+00  2.500000e+01  5.052861e+02
     vertex -2.500000e+01  2.500000e+01  1.000000e+03
     vertex -2.167450e+00  2.500000e+01  5.055948e+02
   endloop
 endfacet
 facet normal -1.384480e-16  1.000000e+00  2.236012e-16
   outer loop
     vertex -3.466643e+00  2.500000e+01  5.048972e+02
     vertex -2.500000e+01  2.500000e+01  1.000000e+03
     vertex -2.838561e+00  2.500000e+01  5.052861e+02
   endloop
 endfacet
 facet normal -1.785285e-16  1.000000e+00  2.218580e-16
   outer loop
     vertex -4.042174e+00  2.500000e+01  5.044341e+02
     vertex -2.500000e+01  2.500000e+01  1.000000e+03
     vertex -3.466643e+00  2.500000e+01  5.048972e+02
   endloop
 endfacet
 facet normal -2.266978e-16  1.000000e+00  2.198209e-16
   outer loop
     vertex -4.556429e+00  2.500000e+01  5.039037e+02
     vertex -2.500000e+01  2.500000e+01  1.000000e+03
     vertex -4.042174e+00  2.500000e+01  5.044341e+02
   endloop
 endfacet
 facet normal -2.877579e-16  1.000000e+00  2.173047e-16
   outer loop
     vertex -5.001614e+00  2.500000e+01  5.033142e+02
     vertex -2.500000e+01  2.500000e+01  1.000000e+03
     vertex -4.556429e+00  2.500000e+01  5.039037e+02
   endloop
 endfacet
 facet normal -3.706051e-16  1.000000e+00  2.139689e-16
   outer loop
     vertex -5.370980e+00  2.500000e+01  5.026744e+02
     vertex -2.500000e+01  2.500000e+01  1.000000e+03
     vertex -5.001614e+00  2.500000e+01  5.033142e+02
   endloop
 endfacet
 facet normal -4.940138e-16  1.000000e+00  2.090981e-16
   outer loop
     vertex -5.658927e+00  2.500000e+01  5.019941e+02
     vertex -2.500000e+01  2.500000e+01  1.000000e+03
     vertex -5.370980e+00  2.500000e+01  5.026744e+02
   endloop
 endfacet
 facet normal  5.834773e-16  1.000000e+00 -2.056095e-16
   outer loop
     vertex  2.500000e+01  2.500000e+01  0.000000e+00
     vertex  5.525433e+00  2.500000e+01  4.976613e+02
     vertex  5.770954e+00  2.500000e+01  4.983580e+02
   endloop
 endfacet
 facet normal  4.253466e-16  1.000000e+00 -2.117975e-16
   outer loop
     vertex  2.500000e+01  2.500000e+01  0.000000e+00
     vertex  5.196152e+00  2.500000e+01  4.970000e+02
     vertex  5.525433e+00  2.500000e+01  4.976613e+02
   endloop
 endfacet
 facet normal  3.256308e-16  1.000000e+00 -2.157708e-16
   outer loop
     vertex  2.500000e+01  2.500000e+01  0.000000e+00
     vertex  4.788103e+00  2.500000e+01  4.963842e+02
     vertex  5.196152e+00  2.500000e+01  4.970000e+02
   endloop
 endfacet
 facet normal  2.551963e-16  1.000000e+00 -2.186388e-16
   outer loop
     vertex  2.500000e+01  2.500000e+01  0.000000e+00
     vertex  4.307472e+00  2.500000e+01  4.958232e+02
     vertex  4.788103e+00  2.500000e+01  4.963842e+02
   endloop
 endfacet
 facet normal  2.013637e-16  1.000000e+00 -2.208854e-16
   outer loop
     vertex  2.500000e+01  2.500000e+01  0.000000e+00
     vertex  3.761543e+00  2.500000e+01  4.953255e+02
     vertex  4.307472e+00  2.500000e+01  4.958232e+02
   endloop
 endfacet
 facet normal  1.576872e-16  1.000000e+00 -2.227582e-16
   outer loop
     vertex  2.500000e+01  2.500000e+01  0.000000e+00
     vertex  3.158593e+00  2.500000e+01  4.948987e+02
     vertex  3.761543e+00  2.500000e+01  4.953255e+02
   endloop
 endfacet
 facet normal  1.204999e-16  1.000000e+00 -2.243994e-16
   outer loop
     vertex  2.500000e+01  2.500000e+01  0.000000e+00
     vertex  2.507762e+00  2.500000e+01  4.945492e+02
     vertex  3.158593e+00  2.500000e+01  4.948987e+02
   endloop
 endfacet
 facet normal  8.751396e-17  1.000000e+00 -2.258996e-16
   outer loop
     vertex  2.500000e+01  2.500000e+01  0.000000e+00
     vertex  1.818916e+00  2.500000e+01  4.942823e+02
     vertex  2.507762e+00  2.500000e+01  4.945492e+02
   endloop
 endfacet
 facet normal  5.717390e-17  1.000000e+00 -2.273225e-16
   outer loop
     vertex  2.500000e+01  2.500000e+01  0.000000e+00
     vertex  1.102497e+00  2.500000e+01  4.941022e+02
     vertex  1.818916e+00  2.500000e+01  4.942823e+02
   endloop
 endfacet
 facet normal  2.832142e-17  1.000000e+00 -2.287179e-16
   outer loop
     vertex  2.500000e+01  2.500000e+01  0.000000e+00
     vertex  3.693654e-01  2.500000e+01  4.940114e+02
     vertex  1.102497e+00  2.500000e+01  4.941022e+02
   endloop
 endfacet
 facet normal  0.000000e+00  1.000000e+00 -2.301300e-16
   outer loop
     vertex  2.500000e+01  2.500000e+01  0.000000e+00
     vertex -3.693654e-01  2.500000e+01  4.940114e+02
     vertex  3.693654e-01  2.500000e+01  4.940114e+02
   endloop
 endfacet
 facet normal -2.832142e-17  1.000000e+00 -2.287179e-16
   outer loop
     vertex -2.500000e+01  2.500000e+01  0.000000e+00
     vertex -1.102497e+00  2.500000e+01  4.941022e+02
     vertex -3.693654e-01  2.500000e+01  4.940114e+02
   endloop
 endfacet
 facet normal -5.717390e-17  1.000000e+00 -2.273225e-16
   outer loop
     vertex -2.500000e+01  2.500000e+01  0.000000e+00
     vertex -1.818916e+00  2.500000e+01  4.942823e+02
     vertex -1.102497e+00  2.500000e+01  4.941022e+02
   endloop
 endfacet
 facet normal -8.751396e-17  1.000000e+00 -2.258996e-16
   outer loop
     vertex -2.500000e+01  2.500000e+01  0.000000e+00
     vertex -2.507762e+00  2.500000e+01  4.945492e+02
     vertex -1.818916e+00  2.500000e+01  4.942823e+02
   endloop
 endfacet
 facet normal -1.204999e-16  1.000000e+00 -2.243994e-16
   outer loop
     vertex -2.500000e+01  2.500000e+01  0.000000e+00
     vertex -3.158593e+00  2.500000e+01  4.948987e+02
     vertex -2.507762e+00  2.500000e+01  4.945492e+02
   endloop
 endfacet
 facet normal -1.576872e-16  1.000000e+00 -2.227582e-16
   outer loop
     vertex -2.500000e+01  2.500000e+01  0.000000e+00
     vertex -3.761543e+00  2.500000e+01  4.953255e+02
     vertex -3.158593e+00  2.500000e+01  4.948987e+02
   endloop
 endfacet
 facet normal -2.013637e-16  1.000000e+00 -2.208854e-16
   outer loop
     vertex -2.500000e+01  2.500000e+01  0.000000e+00
     vertex -4.307472e+00  2.500000e+01  4.958232e+02
     vertex -3.761543e+00  2.500000e+01  4.953255e+02
   endloop
 endfacet
 facet normal -2.551963e-16  1.000000e+00 -2.186388e-16
   outer loop
     vertex -2.500000e+01  2.500000e+01  0.000000e+00
     vertex -4.788103e+00  2.500000e+01  4.963842e+02
     vertex -4.307472e+00  2.500000e+01  4.958232e+02
   endloop
 endfacet
 facet normal -3.256308e-16  1.000000e+00 -2.157708e-16
   outer loop
     vertex -2.500000e+01  2.500000e+01  0.000000e+00
     vertex -5.196152e+00  2.500000e+01  4.970000e+02
     vertex -4.788103e+00  2.500000e+01  4.963842e+02
   endloop
 endfacet
 facet normal -4.253466e-16  1.000000e+00 -2.117975e-16
   outer loop
     vertex -2.500000e+01  2.500000e+01  0.000000e+00
     vertex -5.525433e+00  2.500000e+01  4.976613e+02
     vertex -5.196152e+00  2.500000e+01  4.970000e+02
   endloop
 endfacet
 facet normal -5.834773e-16  1.000000e+00 -2.056095e-16
   outer loop
     vertex -2.500000e+01  2.500000e+01  0.000000e+00
     vertex -5.770954e+00  2.500000e+01  4.983580e+02
     vertex -5.525433e+00  2.500000e+01  4.976613e+02
   endloop
 endfacet
 facet normal  0.000000e+00  1.000000e+00 -2.301300e-16
   outer loop
     vertex -2.500000e+01  2.500000e+01  0.000000e+00
     vertex -3.693654e-01  2.500000e+01  4.940114e+02
     vertex  2.500000e+01  2.500000e+01  0.000000e+00
   endloop
 endfacet
 facet normal  5.982622e-15  1.000000e+00 -0.000000e+00
   outer loop
     vertex  2.500000e+01  2.500000e+01  0.000000e+00
     vertex  5.997154e+00  2.500000e+01  4.998152e+02
     vertex  2.500000e+01  2.500000e+01  1.000000e+03
   endloop
 endfacet
 facet normal  3.303566e-15  1.000000e+00  1.017818e-16
   outer loop
     vertex  5.997154e+00  2.500000e+01  4.998152e+02
     vertex  5.974405e+00  2.500000e+01  5.005536e+02
     vertex  2.500000e+01  2.500000e+01  1.000000e+03
   endloop
 endfacet
 facet normal  1.177443e-15  1.000000e+00  1.827729e-16
   outer loop
     vertex  5.974405e+00  2.500000e+01  5.005536e+02
     vertex  5.861090e+00  2.500000e+01  5.012836e+02
     vertex  2.500000e+01  2.500000e+01  1.000000e+03
   endloop
 endfacet
 facet normal  7.059717e-16  1.000000e+00  2.008663e-16
   outer loop
     vertex  5.861090e+00  2.500000e+01  5.012836e+02
     vertex  5.658927e+00  2.500000e+01  5.019941e+02
     vertex  2.500000e+01  2.500000e+01  1.000000e+03
   endloop
 endfacet
 facet normal  1.740525e-15  1.000000e+00 -1.612834e-16
   outer loop
     vertex  2.500000e+01  2.500000e+01  0.000000e+00
     vertex  5.928993e+00  2.500000e+01  4.990797e+02
     vertex  5.997154e+00  2.500000e+01  4.998152e+02
   endloop
 endfacet
 facet normal  8.856106e-16  1.000000e+00 -1.939517e-16
   outer loop
     vertex  2.500000e+01  2.500000e+01  0.000000e+00
     vertex  5.770954e+00  2.500000e+01  4.983580e+02
     vertex  5.928993e+00  2.500000e+01  4.990797e+02
   endloop
 endfacet
 facet normal -5.982622e-15  1.000000e+00  0.000000e+00
   outer loop
     vertex -2.500000e+01  2.500000e+01  1.000000e+03
     vertex -5.997154e+00  2.500000e+01  4.998152e+02
     vertex -2.500000e+01  2.500000e+01  0.000000e+00
   endloop
 endfacet
 facet normal -1.740525e-15  1.000000e+00 -1.612834e-16
   outer loop
     vertex -5.997154e+00  2.500000e+01  4.998152e+02
     vertex -5.928993e+00  2.500000e+01  4.990797e+02
     vertex -2.500000e+01  2.500000e+01  0.000000e+00
   endloop
 endfacet
 facet normal -8.856106e-16  1.000000e+00 -1.939517e-16
   outer loop
     vertex -5.928993e+00  2.500000e+01  4.990797e+02
     vertex -5.770954e+00  2.500000e+01  4.983580e+02
     vertex -2.500000e+01  2.500000e+01  0.000000e+00
   endloop
 endfacet
 facet normal -3.303566e-15  1.000000e+00  1.017818e-16
   outer loop
     vertex -2.500000e+01  2.500000e+01  1.000000e+03
     vertex -5.974405e+00  2.500000e+01  5.005536e+02
     vertex -5.997154e+00  2.500000e+01  4.998152e+02
   endloop
 endfacet
 facet normal -1.177443e-15  1.000000e+00  1.827729e-16
   outer loop
     vertex -2.500000e+01  2.500000e+01  1.000000e+03
     vertex -5.861090e+00  2.500000e+01  5.012836e+02
     vertex -5.974405e+00  2.500000e+01  5.005536e+02
   endloop
 endfacet
 facet normal -7.059717e-16  1.000000e+00  2.008663e-16
   outer loop
     vertex -2.500000e+01  2.500000e+01  1.000000e+03
     vertex -5.658927e+00  2.500000e+01  5.019941e+02
     vertex -5.861090e+00  2.500000e+01  5.012836e+02
   endloop
 endfacet
 facet normal  0.000000e+00  6.037850e-02 -9.981756e-01
   outer loop
     vertex -2.350000e+01 -1.205367e+00  5.099271e+02
     vertex -2.500000e+01  2.449294e-15  5.100000e+02
     vertex -2.350000e+01  2.449294e-15  5.100000e+02
   endloop
 endfacet
 facet normal  0.000000e+00  6.037850e-02 -9.981756e-01
   outer loop
     vertex -2.350000e+01 -1.205367e+00  5.099271e+02
     vertex -2.500000e+01 -1.205367e+00  5.099271e+02
     vertex -2.500000e+01  2.449294e-15  5.100000e+02
   endloop
 endfacet
 facet normal  0.000000e+00  1.802550e-01 -9.836199e-01
   outer loop
     vertex -2.350000e+01 -2.393157e+00  5.097094e+02
     vertex -2.500000e+01 -2.393157e+00  5.097094e+02
     vertex -2.500000e+01 -1.205367e+00  5.099271e+02
   endloop
 endfacet
 facet normal  0.000000e+00  1.802550e-01 -9.836199e-01
   outer loop
     vertex -2.350000e+01 -2.393157e+00  5.097094e+02
     vertex -2.500000e+01 -1.205367e+00  5.099271e+02
     vertex -2.350000e+01 -1.205367e+00  5.099271e+02
   endloop
 endfacet
 facet normal  0.000000e+00  2.975031e-01 -9.547209e-01
   outer loop
     vertex -2.350000e+01 -3.546049e+00  5.093502e+02
     vertex -2.500000e+01 -3.546049e+00  5.093502e+02
     vertex -2.500000e+01 -2.393157e+00  5.097094e+02
   endloop
 endfacet
 facet normal  0.000000e+00  2.975031e-01 -9.547209e-01
   outer loop
     vertex -2.350000e+01 -3.546049e+00  5.093502e+02
     vertex -2.500000e+01 -2.393157e+00  5.097094e+02
     vertex -2.350000e+01 -2.393157e+00  5.097094e+02
   endloop
 endfacet
 facet normal  0.000000e+00  4.104128e-01 -9.118998e-01
   outer loop
     vertex -2.350000e+01 -4.647232e+00  5.088546e+02
     vertex -2.500000e+01 -4.647232e+00  5.088546e+02
     vertex -2.500000e+01 -3.546049e+00  5.093502e+02
   endloop
 endfacet
 facet normal  0.000000e+00  4.104128e-01 -9.118998e-01
   outer loop
     vertex -2.350000e+01 -4.647232e+00  5.088546e+02
     vertex -2.500000e+01 -3.546049e+00  5.093502e+02
     vertex -2.350000e+01 -3.546049e+00  5.093502e+02
   endloop
 endfacet
 facet normal  0.000000e+00  5.173378e-01 -8.557813e-01
   outer loop
     vertex -2.350000e+01 -5.680647e+00  5.082298e+02
     vertex -2.500000e+01 -5.680647e+00  5.082298e+02
     vertex -2.500000e+01 -4.647232e+00  5.088546e+02
   endloop
 endfacet
 facet normal  0.000000e+00  5.173378e-01 -8.557813e-01
   outer loop
     vertex -2.350000e+01 -5.680647e+00  5.082298e+02
     vertex -2.500000e+01 -4.647232e+00  5.088546e+02
     vertex -2.350000e+01 -4.647232e+00  5.088546e+02
   endloop
 endfacet
 facet normal  0.000000e+00  6.167189e-01 -7.871835e-01
   outer loop
     vertex -2.350000e+01 -6.631227e+00  5.074851e+02
     vertex -2.500000e+01 -6.631227e+00  5.074851e+02
     vertex -2.500000e+01 -5.680647e+00  5.082298e+02
   endloop
 endfacet
 facet normal  0.000000e+00  6.167189e-01 -7.871835e-01
   outer loop
     vertex -2.350000e+01 -6.631227e+00  5.074851e+02
     vertex -2.500000e+01 -5.680647e+00  5.082298e+02
     vertex -2.350000e+01 -5.680647e+00  5.082298e+02
   endloop
 endfacet
 facet normal  0.000000e+00  7.071068e-01 -7.071068e-01
   outer loop
     vertex -2.350000e+01 -7.485107e+00  5.066312e+02
     vertex -2.500000e+01 -7.485107e+00  5.066312e+02
     vertex -2.500000e+01 -6.631227e+00  5.074851e+02
   endloop
 endfacet
 facet normal  0.000000e+00  7.071068e-01 -7.071068e-01
   outer loop
     vertex -2.350000e+01 -7.485107e+00  5.066312e+02
     vertex -2.500000e+01 -6.631227e+00  5.074851e+02
     vertex -2.350000e+01 -6.631227e+00  5.074851e+02
   endloop
 endfacet
 facet normal  0.000000e+00  7.871835e-01 -6.167189e-01
   outer loop
     vertex -2.350000e+01 -8.229839e+00  5.056806e+02
     vertex -2.500000e+01 -8.229839e+00  5.056806e+02
     vertex -2.500000e+01 -7.485107e+00  5.066312e+02
   endloop
 endfacet
 facet normal  0.000000e+00  7.871835e-01 -6.167189e-01
   outer loop
     vertex -2.350000e+01 -8.229839e+00  5.056806e+02
     vertex -2.500000e+01 -7.485107e+00  5.066312e+02
     vertex -2.350000e+01 -7.485107e+00  5.066312e+02
   endloop
 endfacet
 facet normal  0.000000e+00  8.557813e-01 -5.173378e-01
   outer loop
     vertex -2.350000e+01 -8.854560e+00  5.046472e+02
     vertex -2.500000e+01 -8.854560e+00  5.046472e+02
     vertex -2.500000e+01 -8.229839e+00  5.056806e+02
   endloop
 endfacet
 facet normal  0.000000e+00  9.118998e-01 -4.104128e-01
   outer loop
     vertex -2.350000e+01 -8.854560e+00  5.046472e+02
     vertex -2.500000e+01 -9.350162e+00  5.035460e+02
     vertex -2.500000e+01 -8.854560e+00  5.046472e+02
   endloop
 endfacet
 facet normal  0.000000e+00  8.557813e-01 -5.173378e-01
   outer loop
     vertex -2.350000e+01 -8.854560e+00  5.046472e+02
     vertex -2.500000e+01 -8.229839e+00  5.056806e+02
     vertex -2.350000e+01 -8.229839e+00  5.056806e+02
   endloop
 endfacet
 facet normal  0.000000e+00  9.118998e-01 -4.104128e-01
   outer loop
     vertex -2.350000e+01 -9.350162e+00  5.035460e+02
     vertex -2.500000e+01 -9.350162e+00  5.035460e+02
     vertex -2.350000e+01 -8.854560e+00  5.046472e+02
   endloop
 endfacet
 facet normal  0.000000e+00  9.547209e-01 -2.975031e-01
   outer loop
     vertex -2.350000e+01 -9.709418e+00  5.023932e+02
     vertex -2.500000e+01 -9.350162e+00  5.035460e+02
     vertex -2.350000e+01 -9.350162e+00  5.035460e+02
   endloop
 endfacet
 facet normal  0.000000e+00  9.547209e-01 -2.975031e-01
   outer loop
     vertex -2.350000e+01 -9.709418e+00  5.023932e+02
     vertex -2.500000e+01 -9.709418e+00  5.023932e+02
     vertex -2.500000e+01 -9.350162e+00  5.035460e+02
   endloop
 endfacet
 facet normal  0.000000e+00  9.836199e-01 -1.802550e-01
   outer loop
     vertex -2.350000e+01 -9.927089e+00  5.012054e+02
     vertex -2.500000e+01 -9.709418e+00  5.023932e+02
     vertex -2.350000e+01 -9.709418e+00  5.023932e+02
   endloop
 endfacet
 facet normal  0.000000e+00  9.836199e-01 -1.802550e-01
   outer loop
     vertex -2.350000e+01 -9.927089e+00  5.012054e+02
     vertex -2.500000e+01 -9.927089e+00  5.012054e+02
     vertex -2.500000e+01 -9.709418e+00  5.023932e+02
   endloop
 endfacet
 facet normal  0.000000e+00  9.981756e-01 -6.037850e-02
   outer loop
     vertex -2.350000e+01 -9.927089e+00  5.012054e+02
     vertex -2.500000e+01 -1.000000e+01  5.000000e+02
     vertex -2.500000e+01 -9.927089e+00  5.012054e+02
   endloop
 endfacet
 facet normal  0.000000e+00  9.981756e-01 -6.037850e-02
   outer loop
     vertex -2.350000e+01 -1.000000e+01  5.000000e+02
     vertex -2.500000e+01 -1.000000e+01  5.000000e+02
     vertex -2.350000e+01 -9.927089e+00  5.012054e+02
   endloop
 endfacet
 facet normal  0.000000e+00  9.981756e-01  6.037850e-02
   outer loop
     vertex -2.350000e+01 -1.000000e+01  5.000000e+02
     vertex -2.500000e+01 -9.927089e+00  4.987946e+02
     vertex -2.500000e+01 -1.000000e+01  5.000000e+02
   endloop
 endfacet
 facet normal  0.000000e+00  9.981756e-01  6.037850e-02
   outer loop
     vertex -2.350000e+01 -9.927089e+00  4.987946e+02
     vertex -2.500000e+01 -9.927089e+00  4.987946e+02
     vertex -2.350000e+01 -1.000000e+01  5.000000e+02
   endloop
 endfacet
 facet normal  0.000000e+00  9.836199e-01  1.802550e-01
   outer loop
     vertex -2.350000e+01 -9.709418e+00  4.976068e+02
     vertex -2.500000e+01 -9.927089e+00  4.987946e+02
     vertex -2.350000e+01 -9.927089e+00  4.987946e+02
   endloop
 endfacet
 facet normal  0.000000e+00  9.836199e-01  1.802550e-01
   outer loop
     vertex -2.350000e+01 -9.709418e+00  4.976068e+02
     vertex -2.500000e+01 -9.709418e+00  4.976068e+02
     vertex -2.500000e+01 -9.927089e+00  4.987946e+02
   endloop
 endfacet
 facet normal  0.000000e+00  9.547209e-01  2.975031e-01
   outer loop
     vertex -2.350000e+01 -9.350162e+00  4.964540e+02
     vertex -2.500000e+01 -9.709418e+00  4.976068e+02
     vertex -2.350000e+01 -9.709418e+00  4.976068e+02
   endloop
 endfacet
 facet normal  0.000000e+00  9.547209e-01  2.975031e-01
   outer loop
     vertex -2.350000e+01 -9.350162e+00  4.964540e+02
     vertex -2.500000e+01 -9.350162e+00  4.964540e+02
     vertex -2.500000e+01 -9.709418e+00  4.976068e+02
   endloop
 endfacet
 facet normal  0.000000e+00  9.118998e-01  4.104128e-01
   outer loop
     vertex -2.350000e+01 -8.854560e+00  4.953528e+02
     vertex -2.500000e+01 -9.350162e+00  4.964540e+02
     vertex -2.350000e+01 -9.350162e+00  4.964540e+02
   endloop
 endfacet
 facet normal  0.000000e+00  9.118998e-01  4.104128e-01
   outer loop
     vertex -2.350000e+01 -8.854560e+00  4.953528e+02
     vertex -2.500000e+01 -8.854560e+00  4.953528e+02
     vertex -2.500000e+01 -9.350162e+00  4.964540e+02
   endloop
 endfacet
 facet normal  0.000000e+00  8.557813e-01  5.173378e-01
   outer loop
     vertex -2.350000e+01 -8.854560e+00  4.953528e+02
     vertex -2.500000e+01 -8.229839e+00  4.943194e+02
     vertex -2.500000e+01 -8.854560e+00  4.953528e+02
   endloop
 endfacet
 facet normal  0.000000e+00  8.557813e-01  5.173378e-01
   outer loop
     vertex -2.350000e+01 -8.229839e+00  4.943194e+02
     vertex -2.500000e+01 -8.229839e+00  4.943194e+02
     vertex -2.350000e+01 -8.854560e+00  4.953528e+02
   endloop
 endfacet
 facet normal  0.000000e+00  7.871835e-01  6.167189e-01
   outer loop
     vertex -2.350000e+01 -7.485107e+00  4.933688e+02
     vertex -2.500000e+01 -8.229839e+00  4.943194e+02
     vertex -2.350000e+01 -8.229839e+00  4.943194e+02
   endloop
 endfacet
 facet normal  0.000000e+00  7.871835e-01  6.167189e-01
   outer loop
     vertex -2.350000e+01 -7.485107e+00  4.933688e+02
     vertex -2.500000e+01 -7.485107e+00  4.933688e+02
     vertex -2.500000e+01 -8.229839e+00  4.943194e+02
   endloop
 endfacet
 facet normal  0.000000e+00  7.071068e-01  7.071068e-01
   outer loop
     vertex -2.350000e+01 -6.631227e+00  4.925149e+02
     vertex -2.500000e+01 -7.485107e+00  4.933688e+02
     vertex -2.350000e+01 -7.485107e+00  4.933688e+02
   endloop
 endfacet
 facet normal  0.000000e+00  7.071068e-01  7.071068e-01
   outer loop
     vertex -2.350000e+01 -6.631227e+00  4.925149e+02
     vertex -2.500000e+01 -6.631227e+00  4.925149e+02
     vertex -2.500000e+01 -7.485107e+00  4.933688e+02
   endloop
 endfacet
 facet normal  0.000000e+00  6.167189e-01  7.871835e-01
   outer loop
     vertex -2.350000e+01 -5.680647e+00  4.917702e+02
     vertex -2.500000e+01 -6.631227e+00  4.925149e+02
     vertex -2.350000e+01 -6.631227e+00  4.925149e+02
   endloop
 endfacet
 facet normal  0.000000e+00  6.167189e-01  7.871835e-01
   outer loop
     vertex -2.350000e+01 -5.680647e+00  4.917702e+02
     vertex -2.500000e+01 -5.680647e+00  4.917702e+02
     vertex -2.500000e+01 -6.631227e+00  4.925149e+02
   endloop
 endfacet
 facet normal  0.000000e+00  5.173378e-01  8.557813e-01
   outer loop
     vertex -2.350000e+01 -4.647232e+00  4.911454e+02
     vertex -2.500000e+01 -5.680647e+00  4.917702e+02
     vertex -2.350000e+01 -5.680647e+00  4.917702e+02
   endloop
 endfacet
 facet normal  0.000000e+00  5.173378e-01  8.557813e-01
   outer loop
     vertex -2.350000e+01 -4.647232e+00  4.911454e+02
     vertex -2.500000e+01 -4.647232e+00  4.911454e+02
     vertex -2.500000e+01 -5.680647e+00  4.917702e+02
   endloop
 endfacet
 facet normal  0.000000e+00  4.104128e-01  9.118998e-01
   outer loop
     vertex -2.350000e+01 -4.647232e+00  4.911454e+02
     vertex -2.500000e+01 -3.546049e+00  4.906498e+02
     vertex -2.500000e+01 -4.647232e+00  4.911454e+02
   endloop
 endfacet
 facet normal  0.000000e+00  4.104128e-01  9.118998e-01
   outer loop
     vertex -2.350000e+01 -3.546049e+00  4.906498e+02
     vertex -2.500000e+01 -3.546049e+00  4.906498e+02
     vertex -2.350000e+01 -4.647232e+00  4.911454e+02
   endloop
 endfacet
 facet normal  0.000000e+00  2.975031e-01  9.547209e-01
   outer loop
     vertex -2.350000e+01 -3.546049e+00  4.906498e+02
     vertex -2.500000e+01 -2.393157e+00  4.902906e+02
     vertex -2.500000e+01 -3.546049e+00  4.906498e+02
   endloop
 endfacet
 facet normal  0.000000e+00  2.975031e-01  9.547209e-01
   outer loop
     vertex -2.350000e+01 -2.393157e+00  4.902906e+02
     vertex -2.500000e+01 -2.393157e+00  4.902906e+02
     vertex -2.350000e+01 -3.546049e+00  4.906498e+02
   endloop
 endfacet
 facet normal  0.000000e+00  1.802550e-01  9.836199e-01
   outer loop
     vertex -2.350000e+01 -1.205367e+00  4.900729e+02
     vertex -2.500000e+01 -1.205367e+00  4.900729e+02
     vertex -2.500000e+01 -2.393157e+00  4.902906e+02
   endloop
 endfacet
 facet normal  0.000000e+00  1.802550e-01  9.836199e-01
   outer loop
     vertex -2.350000e+01 -1.205367e+00  4.900729e+02
     vertex -2.500000e+01 -2.393157e+00  4.902906e+02
     vertex -2.350000e+01 -2.393157e+00  4.902906e+02
   endloop
 endfacet
 facet normal  0.000000e+00  6.037850e-02  9.981756e-01
   outer loop
     vertex -2.350000e+01 -3.391159e-13  4.900000e+02
     vertex -2.500000e+01 -3.391159e-13  4.900000e+02
     vertex -2.500000e+01 -1.205367e+00  4.900729e+02
   endloop
 endfacet
 facet normal  0.000000e+00  6.037850e-02  9.981756e-01
   outer loop
     vertex -2.350000e+01 -3.391159e-13  4.900000e+02
     vertex -2.500000e+01 -1.205367e+00  4.900729e+02
     vertex -2.350000e+01 -1.205367e+00  4.900729e+02
   endloop
 endfacet
 facet normal  0.000000e+00 -6.037850e-02  9.981756e-01
   outer loop
     vertex -2.350000e+01 -3.391159e-13  4.900000e+02
     vertex -2.500000e+01  1.205367e+00  4.900729e+02
     vertex -2.500000e+01 -3.391159e-13  4.900000e+02
   endloop
 endfacet
 facet normal  0.000000e+00 -6.037850e-02  9.981756e-01
   outer loop
     vertex -2.350000e+01  1.205367e+00  4.900729e+02
     vertex -2.500000e+01  1.205367e+00  4.900729e+02
     vertex -2.350000e+01 -3.391159e-13  4.900000e+02
   endloop
 endfacet
 facet normal  0.000000e+00 -1.802550e-01  9.836199e-01
   outer loop
     vertex -2.350000e+01  2.393157e+00  4.902906e+02
     vertex -2.500000e+01  2.393157e+00  4.902906e+02
     vertex -2.500000e+01  1.205367e+00  4.900729e+02
   endloop
 endfacet
 facet normal  0.000000e+00 -1.802550e-01  9.836199e-01
   outer loop
     vertex -2.350000e+01  2.393157e+00  4.902906e+02
     vertex -2.500000e+01  1.205367e+00  4.900729e+02
     vertex -2.350000e+01  1.205367e+00  4.900729e+02
   endloop
 endfacet
 facet normal  0.000000e+00 -2.975031e-01  9.547209e-01
   outer loop
     vertex -2.350000e+01  3.546049e+00  4.906498e+02
     vertex -2.500000e+01  3.546049e+00  4.906498e+02
     vertex -2.500000e+01  2.393157e+00  4.902906e+02
   endloop
 endfacet
 facet normal  0.000000e+00 -2.975031e-01  9.547209e-01
   outer loop
     vertex -2.350000e+01  3.546049e+00  4.906498e+02
     vertex -2.500000e+01  2.393157e+00  4.902906e+02
     vertex -2.350000e+01  2.393157e+00  4.902906e+02
   endloop
 endfacet
 facet normal  0.000000e+00 -4.104128e-01  9.118998e-01
   outer loop
     vertex -2.350000e+01  4.647232e+00  4.911454e+02
     vertex -2.500000e+01  4.647232e+00  4.911454e+02
     vertex -2.500000e+01  3.546049e+00  4.906498e+02
   endloop
 endfacet
 facet normal  0.000000e+00 -4.104128e-01  9.118998e-01
   outer loop
     vertex -2.350000e+01  4.647232e+00  4.911454e+02
     vertex -2.500000e+01  3.546049e+00  4.906498e+02
     vertex -2.350000e+01  3.546049e+00  4.906498e+02
   endloop
 endfacet
 facet normal  0.000000e+00 -5.173378e-01  8.557813e-01
   outer loop
     vertex -2.350000e+01  5.680647e+00  4.917702e+02
     vertex -2.500000e+01  5.680647e+00  4.917702e+02
     vertex -2.500000e+01  4.647232e+00  4.911454e+02
   endloop
 endfacet
 facet normal  0.000000e+00 -5.173378e-01  8.557813e-01
   outer loop
     vertex -2.350000e+01  5.680647e+00  4.917702e+02
     vertex -2.500000e+01  4.647232e+00  4.911454e+02
     vertex -2.350000e+01  4.647232e+00  4.911454e+02
   endloop
 endfacet
 facet normal  0.000000e+00 -6.167189e-01  7.871835e-01
   outer loop
     vertex -2.350000e+01  6.631227e+00  4.925149e+02
     vertex -2.500000e+01  6.631227e+00  4.925149e+02
     vertex -2.500000e+01  5.680647e+00  4.917702e+02
   endloop
 endfacet
 facet normal  0.000000e+00 -6.167189e-01  7.871835e-01
   outer loop
     vertex -2.350000e+01  6.631227e+00  4.925149e+02
     vertex -2.500000e+01  5.680647e+00  4.917702e+02
     vertex -2.350000e+01  5.680647e+00  4.917702e+02
   endloop
 endfacet
 facet normal  0.000000e+00 -7.071068e-01  7.071068e-01
   outer loop
     vertex -2.350000e+01  7.485107e+00  4.933688e+02
     vertex -2.500000e+01  7.485107e+00  4.933688e+02
     vertex -2.500000e+01  6.631227e+00  4.925149e+02
   endloop
 endfacet
 facet normal  0.000000e+00 -7.071068e-01  7.071068e-01
   outer loop
     vertex -2.350000e+01  7.485107e+00  4.933688e+02
     vertex -2.500000e+01  6.631227e+00  4.925149e+02
     vertex -2.350000e+01  6.631227e+00  4.925149e+02
   endloop
 endfacet
 facet normal  0.000000e+00 -7.871835e-01  6.167189e-01
   outer loop
     vertex -2.350000e+01  8.229839e+00  4.943194e+02
     vertex -2.500000e+01  8.229839e+00  4.943194e+02
     vertex -2.500000e+01  7.485107e+00  4.933688e+02
   endloop
 endfacet
 facet normal  0.000000e+00 -8.557813e-01  5.173378e-01
   outer loop
     vertex -2.350000e+01  8.229839e+00  4.943194e+02
     vertex -2.500000e+01  8.854560e+00  4.953528e+02
     vertex -2.500000e+01  8.229839e+00  4.943194e+02
   endloop
 endfacet
 facet normal  0.000000e+00 -7.871835e-01  6.167189e-01
   outer loop
     vertex -2.350000e+01  8.229839e+00  4.943194e+02
     vertex -2.500000e+01  7.485107e+00  4.933688e+02
     vertex -2.350000e+01  7.485107e+00  4.933688e+02
   endloop
 endfacet
 facet normal  0.000000e+00 -8.557813e-01  5.173378e-01
   outer loop
     vertex -2.350000e+01  8.854560e+00  4.953528e+02
     vertex -2.500000e+01  8.854560e+00  4.953528e+02
     vertex -2.350000e+01  8.229839e+00  4.943194e+02
   endloop
 endfacet
 facet normal  0.000000e+00 -9.118998e-01  4.104128e-01
   outer loop
     vertex -2.350000e+01  9.350162e+00  4.964540e+02
     vertex -2.500000e+01  9.350162e+00  4.964540e+02
     vertex -2.500000e+01  8.854560e+00  4.953528e+02
   endloop
 endfacet
 facet normal  0.000000e+00 -9.118998e-01  4.104128e-01
   outer loop
     vertex -2.350000e+01  9.350162e+00  4.964540e+02
     vertex -2.500000e+01  8.854560e+00  4.953528e+02
     vertex -2.350000e+01  8.854560e+00  4.953528e+02
   endloop
 endfacet
 facet normal  0.000000e+00 -9.547209e-01  2.975031e-01
   outer loop
     vertex -2.350000e+01  9.709418e+00  4.976068e+02
     vertex -2.500000e+01  9.709418e+00  4.976068e+02
     vertex -2.500000e+01  9.350162e+00  4.964540e+02
   endloop
 endfacet
 facet normal  0.000000e+00 -9.836199e-01  1.802550e-01
   outer loop
     vertex -2.350000e+01  9.709418e+00  4.976068e+02
     vertex -2.500000e+01  9.927089e+00  4.987946e+02
     vertex -2.500000e+01  9.709418e+00  4.976068e+02
   endloop
 endfacet
 facet normal  0.000000e+00 -9.547209e-01  2.975031e-01
   outer loop
     vertex -2.350000e+01  9.709418e+00  4.976068e+02
     vertex -2.500000e+01  9.350162e+00  4.964540e+02
     vertex -2.350000e+01  9.350162e+00  4.964540e+02
   endloop
 endfacet
 facet normal  0.000000e+00 -9.836199e-01  1.802550e-01
   outer loop
     vertex -2.350000e+01  9.927089e+00  4.987946e+02
     vertex -2.500000e+01  9.927089e+00  4.987946e+02
     vertex -2.350000e+01  9.709418e+00  4.976068e+02
   endloop
 endfacet
 facet normal  0.000000e+00 -9.981756e-01  6.037850e-02
   outer loop
     vertex -2.350000e+01  1.000000e+01  5.000000e+02
     vertex -2.500000e+01  9.927089e+00  4.987946e+02
     vertex -2.350000e+01  9.927089e+00  4.987946e+02
   endloop
 endfacet
 facet normal  0.000000e+00 -9.981756e-01  6.037850e-02
   outer loop
     vertex -2.350000e+01  1.000000e+01  5.000000e+02
     vertex -2.500000e+01  1.000000e+01  5.000000e+02
     vertex -2.500000e+01  9.927089e+00  4.987946e+02
   endloop
 endfacet
 facet normal -0.000000e+00 -9.981756e-01 -6.037850e-02
   outer loop
     vertex -2.350000e+01  1.000000e+01  5.000000e+02
     vertex -2.500000e+01  9.927089e+00  5.012054e+02
     vertex -2.500000e+01  1.000000e+01  5.000000e+02
   endloop
 endfacet
 facet normal -0.000000e+00 -9.981756e-01 -6.037850e-02
   outer loop
     vertex -2.350000e+01  9.927089e+00  5.012054e+02
     vertex -2.500000e+01  9.927089e+00  5.012054e+02
     vertex -2.350000e+01  1.000000e+01  5.000000e+02
   endloop
 endfacet
 facet normal  0.000000e+00 -9.836199e-01 -1.802550e-01
   outer loop
     vertex -2.350000e+01  9.709418e+00  5.023932e+02
     vertex -2.500000e+01  9.927089e+00  5.012054e+02
     vertex -2.350000e+01  9.927089e+00  5.012054e+02
   endloop
 endfacet
 facet normal -0.000000e+00 -9.836199e-01 -1.802550e-01
   outer loop
     vertex -2.350000e+01  9.709418e+00  5.023932e+02
     vertex -2.500000e+01  9.709418e+00  5.023932e+02
     vertex -2.500000e+01  9.927089e+00  5.012054e+02
   endloop
 endfacet
 facet normal  0.000000e+00 -9.547209e-01 -2.975031e-01
   outer loop
     vertex -2.350000e+01  9.350162e+00  5.035460e+02
     vertex -2.500000e+01  9.709418e+00  5.023932e+02
     vertex -2.350000e+01  9.709418e+00  5.023932e+02
   endloop
 endfacet
 facet normal -0.000000e+00 -9.547209e-01 -2.975031e-01
   outer loop
     vertex -2.350000e+01  9.350162e+00  5.035460e+02
     vertex -2.500000e+01  9.350162e+00  5.035460e+02
     vertex -2.500000e+01  9.709418e+00  5.023932e+02
   endloop
 endfacet
 facet normal  0.000000e+00 -9.118998e-01 -4.104128e-01
   outer loop
     vertex -2.350000e+01  8.854560e+00  5.046472e+02
     vertex -2.500000e+01  9.350162e+00  5.035460e+02
     vertex -2.350000e+01  9.350162e+00  5.035460e+02
   endloop
 endfacet
 facet normal -0.000000e+00 -9.118998e-01 -4.104128e-01
   outer loop
     vertex -2.350000e+01  8.854560e+00  5.046472e+02
     vertex -2.500000e+01  8.854560e+00  5.046472e+02
     vertex -2.500000e+01  9.350162e+00  5.035460e+02
   endloop
 endfacet
 facet normal -0.000000e+00 -8.557813e-01 -5.173378e-01
   outer loop
     vertex -2.350000e+01  8.854560e+00  5.046472e+02
     vertex -2.500000e+01  8.229839e+00  5.056806e+02
     vertex -2.500000e+01  8.854560e+00  5.046472e+02
   endloop
 endfacet
 facet normal -0.000000e+00 -8.557813e-01 -5.173378e-01
   outer loop
     vertex -2.350000e+01  8.229839e+00  5.056806e+02
     vertex -2.500000e+01  8.229839e+00  5.056806e+02
     vertex -2.350000e+01  8.854560e+00  5.046472e+02
   endloop
 endfacet
 facet normal -0.000000e+00 -7.871835e-01 -6.167189e-01
   outer loop
     vertex -2.350000e+01  8.229839e+00  5.056806e+02
     vertex -2.500000e+01  7.485107e+00  5.066312e+02
     vertex -2.500000e+01  8.229839e+00  5.056806e+02
   endloop
 endfacet
 facet normal -0.000000e+00 -7.871835e-01 -6.167189e-01
   outer loop
     vertex -2.350000e+01  7.485107e+00  5.066312e+02
     vertex -2.500000e+01  7.485107e+00  5.066312e+02
     vertex -2.350000e+01  8.229839e+00  5.056806e+02
   endloop
 endfacet
 facet normal  0.000000e+00 -7.071068e-01 -7.071068e-01
   outer loop
     vertex -2.350000e+01  6.631227e+00  5.074851e+02
     vertex -2.500000e+01  7.485107e+00  5.066312e+02
     vertex -2.350000e+01  7.485107e+00  5.066312e+02
   endloop
 endfacet
 facet normal -0.000000e+00 -7.071068e-01 -7.071068e-01
   outer loop
     vertex -2.350000e+01  6.631227e+00  5.074851e+02
     vertex -2.500000e+01  6.631227e+00  5.074851e+02
     vertex -2.500000e+01  7.485107e+00  5.066312e+02
   endloop
 endfacet
 facet normal -0.000000e+00 -6.167189e-01 -7.871835e-01
   outer loop
     vertex -2.350000e+01  6.631227e+00  5.074851e+02
     vertex -2.500000e+01  5.680647e+00  5.082298e+02
     vertex -2.500000e+01  6.631227e+00  5.074851e+02
   endloop
 endfacet
 facet normal -0.000000e+00 -6.167189e-01 -7.871835e-01
   outer loop
     vertex -2.350000e+01  5.680647e+00  5.082298e+02
     vertex -2.500000e+01  5.680647e+00  5.082298e+02
     vertex -2.350000e+01  6.631227e+00  5.074851e+02
   endloop
 endfacet
 facet normal  0.000000e+00 -5.173378e-01 -8.557813e-01
   outer loop
     vertex -2.350000e+01  4.647232e+00  5.088546e+02
     vertex -2.500000e+01  5.680647e+00  5.082298e+02
     vertex -2.350000e+01  5.680647e+00  5.082298e+02
   endloop
 endfacet
 facet normal -0.000000e+00 -5.173378e-01 -8.557813e-01
   outer loop
     vertex -2.350000e+01  4.647232e+00  5.088546e+02
     vertex -2.500000e+01  4.647232e+00  5.088546e+02
     vertex -2.500000e+01  5.680647e+00  5.082298e+02
   endloop
 endfacet
 facet normal -0.000000e+00 -4.104128e-01 -9.118998e-01
   outer loop
     vertex -2.350000e+01  4.647232e+00  5.088546e+02
     vertex -2.500000e+01  3.546049e+00  5.093502e+02
     vertex -2.500000e+01  4.647232e+00  5.088546e+02
   endloop
 endfacet
 facet normal -0.000000e+00 -4.104128e-01 -9.118998e-01
   outer loop
     vertex -2.350000e+01  3.546049e+00  5.093502e+02
     vertex -2.500000e+01  3.546049e+00  5.093502e+02
     vertex -2.350000e+01  4.647232e+00  5.088546e+02
   endloop
 endfacet
 facet normal -0.000000e+00 -2.975031e-01 -9.547209e-01
   outer loop
     vertex -2.350000e+01  2.393157e+00  5.097094e+02
     vertex -2.500000e+01  2.393157e+00  5.097094e+02
     vertex -2.500000e+01  3.546049e+00  5.093502e+02
   endloop
 endfacet
 facet normal  0.000000e+00 -2.975031e-01 -9.547209e-01
   outer loop
     vertex -2.350000e+01  2.393157e+00  5.097094e+02
     vertex -2.500000e+01  3.546049e+00  5.093502e+02
     vertex -2.350000e+01  3.546049e+00  5.093502e+02
   endloop
 endfacet
 facet normal -0.000000e+00 -1.802550e-01 -9.836199e-01
   outer loop
     vertex -2.350000e+01  1.205367e+00  5.099271e+02
     vertex -2.500000e+01  1.205367e+00  5.099271e+02
     vertex -2.500000e+01  2.393157e+00  5.097094e+02
   endloop
 endfacet
 facet normal  0.000000e+00 -1.802550e-01 -9.836199e-01
   outer loop
     vertex -2.350000e+01  1.205367e+00  5.099271e+02
     vertex -2.500000e+01  2.393157e+00  5.097094e+02
     vertex -2.350000e+01  2.393157e+00  5.097094e+02
   endloop
 endfacet
 facet normal -0.000000e+00 -6.037850e-02 -9.981756e-01
   outer loop
     vertex -2.350000e+01  2.449294e-15  5.100000e+02
     vertex -2.500000e+01  2.449294e-15  5.100000e+02
     vertex -2.500000e+01  1.205367e+00  5.099271e+02
   endloop
 endfacet
 facet normal  0.000000e+00 -6.037850e-02 -9.981756e-01
   outer loop
     vertex -2.350000e+01  2.449294e-15  5.100000e+02
     vertex -2.500000e+01  1.205367e+00  5.099271e+02
     vertex -2.350000e+01  1.205367e+00  5.099271e+02
   endloop
 endfacet
 facet normal  0.000000e+00  1.000000e+00 -0.000000e+00
   outer loop
     vertex -4.556429e+00 -2.300000e+01  5.039037e+02
     vertex -2.350000e+01 -2.300000e+01  1.000000e+03
     vertex -4.042174e+00 -2.300000e+01  5.044341e+02
   endloop
 endfacet
 facet normal  0.000000e+00  1.000000e+00  0.000000e+00
   outer loop
     vertex -3.466643e+00 -2.300000e+01  5.048972e+02
     vertex -4.042174e+00 -2.300000e+01  5.044341e+02
     vertex -2.350000e+01 -2.300000e+01  1.000000e+03
   endloop
 endfacet
 facet normal  0.000000e+00  1.000000e+00 -0.000000e+00
   outer loop
     vertex -5.001614e+00 -2.300000e+01  5.033142e+02
     vertex -2.350000e+01 -2.300000e+01  1.000000e+03
     vertex -4.556429e+00 -2.300000e+01  5.039037e+02
   endloop
 endfacet
 facet normal  0.000000e+00  1.000000e+00  0.000000e+00
   outer loop
     vertex -2.838561e+00 -2.300000e+01  5.052861e+02
     vertex -3.466643e+00 -2.300000e+01  5.048972e+02
     vertex -2.350000e+01 -2.300000e+01  1.000000e+03
   endloop
 endfacet
 facet normal  0.000000e+00  1.000000e+00 -0.000000e+00
   outer loop
     vertex -5.370980e+00 -2.300000e+01  5.026744e+02
     vertex -2.350000e+01 -2.300000e+01  1.000000e+03
     vertex -5.001614e+00 -2.300000e+01  5.033142e+02
   endloop
 endfacet
 facet normal  0.000000e+00  1.000000e+00  0.000000e+00
   outer loop
     vertex -2.167450e+00 -2.300000e+01  5.055948e+02
     vertex -2.838561e+00 -2.300000e+01  5.052861e+02
     vertex -2.350000e+01 -2.300000e+01  1.000000e+03
   endloop
 endfacet
 facet normal  0.000000e+00  1.000000e+00 -0.000000e+00
   outer loop
     vertex -5.658927e+00 -2.300000e+01  5.019941e+02
     vertex -2.350000e+01 -2.300000e+01  1.000000e+03
     vertex -5.370980e+00 -2.300000e+01  5.026744e+02
   endloop
 endfacet
 facet normal  0.000000e+00  1.000000e+00  0.000000e+00
   outer loop
     vertex -1.463482e+00 -2.300000e+01  5.058188e+02
     vertex -2.167450e+00 -2.300000e+01  5.055948e+02
     vertex -2.350000e+01 -2.300000e+01  1.000000e+03
   endloop
 endfacet
 facet normal  0.000000e+00  1.000000e+00  0.000000e+00
   outer loop
     vertex -7.373297e-01 -2.300000e+01  5.059545e+02
     vertex -1.463482e+00 -2.300000e+01  5.058188e+02
     vertex -2.350000e+01 -2.300000e+01  1.000000e+03
   endloop
 endfacet
 facet normal  0.000000e+00  1.000000e+00 -0.000000e+00
   outer loop
     vertex -1.469576e-15 -2.300000e+01  5.060000e+02
     vertex -2.350000e+01 -2.300000e+01  1.000000e+03
     vertex  2.350000e+01 -2.300000e+01  1.000000e+03
   endloop
 endfacet
 facet normal  0.000000e+00  1.000000e+00  0.000000e+00
   outer loop
     vertex -1.469576e-15 -2.300000e+01  5.060000e+02
     vertex -7.373297e-01 -2.300000e+01  5.059545e+02
     vertex -2.350000e+01 -2.300000e+01  1.000000e+03
   endloop
 endfacet
 facet normal  0.000000e+00  1.000000e+00 -0.000000e+00
   outer loop
     vertex  7.373297e-01 -2.300000e+01  5.059545e+02
     vertex -1.469576e-15 -2.300000e+01  5.060000e+02
     vertex  2.350000e+01 -2.300000e+01  1.000000e+03
   endloop
 endfacet
 facet normal  0.000000e+00  1.000000e+00 -0.000000e+00
   outer loop
     vertex  1.463482e+00 -2.300000e+01  5.058188e+02
     vertex  7.373297e-01 -2.300000e+01  5.059545e+02
     vertex  2.350000e+01 -2.300000e+01  1.000000e+03
   endloop
 endfacet
 facet normal  0.000000e+00  1.000000e+00 -0.000000e+00
   outer loop
     vertex  2.167450e+00 -2.300000e+01  5.055948e+02
     vertex  1.463482e+00 -2.300000e+01  5.058188e+02
     vertex  2.350000e+01 -2.300000e+01  1.000000e+03
   endloop
 endfacet
 facet normal  0.000000e+00  1.000000e+00 -0.000000e+00
   outer loop
     vertex  2.838561e+00 -2.300000e+01  5.052861e+02
     vertex  2.167450e+00 -2.300000e+01  5.055948e+02
     vertex  2.350000e+01 -2.300000e+01  1.000000e+03
   endloop
 endfacet
 facet normal  0.000000e+00  1.000000e+00 -0.000000e+00
   outer loop
     vertex  3.466643e+00 -2.300000e+01  5.048972e+02
     vertex  2.838561e+00 -2.300000e+01  5.052861e+02
     vertex  2.350000e+01 -2.300000e+01  1.000000e+03
   endloop
 endfacet
 facet normal  0.000000e+00  1.000000e+00 -0.000000e+00
   outer loop
     vertex  4.042174e+00 -2.300000e+01  5.044341e+02
     vertex  3.466643e+00 -2.300000e+01  5.048972e+02
     vertex  2.350000e+01 -2.300000e+01  1.000000e+03
   endloop
 endfacet
 facet normal  0.000000e+00  1.000000e+00 -0.000000e+00
   outer loop
     vertex  4.556429e+00 -2.300000e+01  5.039037e+02
     vertex  4.042174e+00 -2.300000e+01  5.044341e+02
     vertex  2.350000e+01 -2.300000e+01  1.000000e+03
   endloop
 endfacet
 facet normal  0.000000e+00  1.000000e+00 -0.000000e+00
   outer loop
     vertex  5.001614e+00 -2.300000e+01  5.033142e+02
     vertex  4.556429e+00 -2.300000e+01  5.039037e+02
     vertex  2.350000e+01 -2.300000e+01  1.000000e+03
   endloop
 endfacet
 facet normal  0.000000e+00  1.000000e+00 -0.000000e+00
   outer loop
     vertex  5.370980e+00 -2.300000e+01  5.026744e+02
     vertex  5.001614e+00 -2.300000e+01  5.033142e+02
     vertex  2.350000e+01 -2.300000e+01  1.000000e+03
   endloop
 endfacet
 facet normal  0.000000e+00  1.000000e+00 -0.000000e+00
   outer loop
     vertex  5.658927e+00 -2.300000e+01  5.019941e+02
     vertex  5.370980e+00 -2.300000e+01  5.026744e+02
     vertex  2.350000e+01 -2.300000e+01  1.000000e+03
   endloop
 endfacet
 facet normal  0.000000e+00  1.000000e+00  0.000000e+00
   outer loop
     vertex -2.350000e+01 -2.300000e+01  0.000000e+00
     vertex -1.102497e+00 -2.300000e+01  4.941022e+02
     vertex -3.693654e-01 -2.300000e+01  4.940114e+02
   endloop
 endfacet
 facet normal  0.000000e+00  1.000000e+00  0.000000e+00
   outer loop
     vertex -2.350000e+01 -2.300000e+01  0.000000e+00
     vertex -1.818916e+00 -2.300000e+01  4.942823e+02
     vertex -1.102497e+00 -2.300000e+01  4.941022e+02
   endloop
 endfacet
 facet normal  0.000000e+00  1.000000e+00  0.000000e+00
   outer loop
     vertex -2.350000e+01 -2.300000e+01  0.000000e+00
     vertex -2.507762e+00 -2.300000e+01  4.945492e+02
     vertex -1.818916e+00 -2.300000e+01  4.942823e+02
   endloop
 endfacet
 facet normal  0.000000e+00  1.000000e+00  0.000000e+00
   outer loop
     vertex -2.350000e+01 -2.300000e+01  0.000000e+00
     vertex -3.158593e+00 -2.300000e+01  4.948987e+02
     vertex -2.507762e+00 -2.300000e+01  4.945492e+02
   endloop
 endfacet
 facet normal  0.000000e+00  1.000000e+00  0.000000e+00
   outer loop
     vertex -2.350000e+01 -2.300000e+01  0.000000e+00
     vertex -3.761543e+00 -2.300000e+01  4.953255e+02
     vertex -3.158593e+00 -2.300000e+01  4.948987e+02
   endloop
 endfacet
 facet normal  0.000000e+00  1.000000e+00  0.000000e+00
   outer loop
     vertex -2.350000e+01 -2.300000e+01  0.000000e+00
     vertex -4.307472e+00 -2.300000e+01  4.958232e+02
     vertex -3.761543e+00 -2.300000e+01  4.953255e+02
   endloop
 endfacet
 facet normal  0.000000e+00  1.000000e+00  0.000000e+00
   outer loop
     vertex -2.350000e+01 -2.300000e+01  0.000000e+00
     vertex -4.788103e+00 -2.300000e+01  4.963842e+02
     vertex -4.307472e+00 -2.300000e+01  4.958232e+02
   endloop
 endfacet
 facet normal  0.000000e+00  1.000000e+00  0.000000e+00
   outer loop
     vertex -2.350000e+01 -2.300000e+01  0.000000e+00
     vertex -5.196152e+00 -2.300000e+01  4.970000e+02
     vertex -4.788103e+00 -2.300000e+01  4.963842e+02
   endloop
 endfacet
 facet normal  0.000000e+00  1.000000e+00  0.000000e+00
   outer loop
     vertex -2.350000e+01 -2.300000e+01  0.000000e+00
     vertex -5.525433e+00 -2.300000e+01  4.976613e+02
     vertex -5.196152e+00 -2.300000e+01  4.970000e+02
   endloop
 endfacet
 facet normal  0.000000e+00  1.000000e+00  0.000000e+00
   outer loop
     vertex -2.350000e+01 -2.300000e+01  0.000000e+00
     vertex -5.770954e+00 -2.300000e+01  4.983580e+02
     vertex -5.525433e+00 -2.300000e+01  4.976613e+02
   endloop
 endfacet
 facet normal  0.000000e+00  1.000000e+00  0.000000e+00
   outer loop
     vertex  2.350000e+01 -2.300000e+01  0.000000e+00
     vertex  5.525433e+00 -2.300000e+01  4.976613e+02
     vertex  5.770954e+00 -2.300000e+01  4.983580e+02
   endloop
 endfacet
 facet normal  0.000000e+00  1.000000e+00  0.000000e+00
   outer loop
     vertex  2.350000e+01 -2.300000e+01  0.000000e+00
     vertex  5.196152e+00 -2.300000e+01  4.970000e+02
     vertex  5.525433e+00 -2.300000e+01  4.976613e+02
   endloop
 endfacet
 facet normal  0.000000e+00  1.000000e+00  0.000000e+00
   outer loop
     vertex  2.350000e+01 -2.300000e+01  0.000000e+00
     vertex  4.788103e+00 -2.300000e+01  4.963842e+02
     vertex  5.196152e+00 -2.300000e+01  4.970000e+02
   endloop
 endfacet
 facet normal  0.000000e+00  1.000000e+00  0.000000e+00
   outer loop
     vertex  2.350000e+01 -2.300000e+01  0.000000e+00
     vertex  4.307472e+00 -2.300000e+01  4.958232e+02
     vertex  4.788103e+00 -2.300000e+01  4.963842e+02
   endloop
 endfacet
 facet normal  0.000000e+00  1.000000e+00  0.000000e+00
   outer loop
     vertex  2.350000e+01 -2.300000e+01  0.000000e+00
     vertex  3.761543e+00 -2.300000e+01  4.953255e+02
     vertex  4.307472e+00 -2.300000e+01  4.958232e+02
   endloop
 endfacet
 facet normal  0.000000e+00  1.000000e+00  0.000000e+00
   outer loop
     vertex  2.350000e+01 -2.300000e+01  0.000000e+00
     vertex  3.158593e+00 -2.300000e+01  4.948987e+02
     vertex  3.761543e+00 -2.300000e+01  4.953255e+02
   endloop
 endfacet
 facet normal  0.000000e+00  1.000000e+00  0.000000e+00
   outer loop
     vertex  2.350000e+01 -2.300000e+01  0.000000e+00
     vertex  2.507762e+00 -2.300000e+01  4.945492e+02
     vertex  3.158593e+00 -2.300000e+01  4.948987e+02
   endloop
 endfacet
 facet normal  0.000000e+00  1.000000e+00  0.000000e+00
   outer loop
     vertex  2.350000e+01 -2.300000e+01  0.000000e+00
     vertex  1.818916e+00 -2.300000e+01  4.942823e+02
     vertex  2.507762e+00 -2.300000e+01  4.945492e+02
   endloop
 endfacet
 facet normal  0.000000e+00  1.000000e+00  0.000000e+00
   outer loop
     vertex  2.350000e+01 -2.300000e+01  0.000000e+00
     vertex  1.102497e+00 -2.300000e+01  4.941022e+02
     vertex  1.818916e+00 -2.300000e+01  4.942823e+02
   endloop
 endfacet
 facet normal  0.000000e+00  1.000000e+00  0.000000e+00
   outer loop
     vertex  2.350000e+01 -2.300000e+01  0.000000e+00
     vertex  3.693654e-01 -2.300000e+01  4.940114e+02
     vertex  1.102497e+00 -2.300000e+01  4.941022e+02
   endloop
 endfacet
 facet normal  0.000000e+00  1.000000e+00  0.000000e+00
   outer loop
     vertex  2.350000e+01 -2.300000e+01  0.000000e+00
     vertex -3.693654e-01 -2.300000e+01  4.940114e+02
     vertex  3.693654e-01 -2.300000e+01  4.940114e+02
   endloop
 endfacet
 facet normal  0.000000e+00  1.000000e+00  0.000000e+00
   outer loop
     vertex  2.350000e+01 -2.300000e+01  0.000000e+00
     vertex -2.350000e+01 -2.300000e+01  0.000000e+00
     vertex -3.693654e-01 -2.300000e+01  4.940114e+02
   endloop
 endfacet
 facet normal  0.000000e+00  1.000000e+00  0.000000e+00
   outer loop
     vertex -2.350000e+01 -2.300000e+01  0.000000e+00
     vertex -2.350000e+01 -2.300000e+01  1.000000e+03
     vertex -5.997154e+00 -2.300000e+01  4.998152e+02
   endloop
 endfacet
 facet normal  0.000000e+00  1.000000e+00 -0.000000e+00
   outer loop
     vertex -5.997154e+00 -2.300000e+01  4.998152e+02
     vertex -2.350000e+01 -2.300000e+01  1.000000e+03
     vertex -5.974405e+00 -2.300000e+01  5.005536e+02
   endloop
 endfacet
 facet normal  0.000000e+00  1.000000e+00 -0.000000e+00
   outer loop
     vertex -5.974405e+00 -2.300000e+01  5.005536e+02
     vertex -2.350000e+01 -2.300000e+01  1.000000e+03
     vertex -5.861090e+00 -2.300000e+01  5.012836e+02
   endloop
 endfacet
 facet normal  0.000000e+00  1.000000e+00 -0.000000e+00
   outer loop
     vertex -5.861090e+00 -2.300000e+01  5.012836e+02
     vertex -2.350000e+01 -2.300000e+01  1.000000e+03
     vertex -5.658927e+00 -2.300000e+01  5.019941e+02
   endloop
 endfacet
 facet normal  0.000000e+00  1.000000e+00  0.000000e+00
   outer loop
     vertex -2.350000e+01 -2.300000e+01  0.000000e+00
     vertex -5.997154e+00 -2.300000e+01  4.998152e+02
     vertex -5.928993e+00 -2.300000e+01  4.990797e+02
   endloop
 endfacet
 facet normal  0.000000e+00  1.000000e+00  0.000000e+00
   outer loop
     vertex -2.350000e+01 -2.300000e+01  0.000000e+00
     vertex -5.928993e+00 -2.300000e+01  4.990797e+02
     vertex -5.770954e+00 -2.300000e+01  4.983580e+02
   endloop
 endfacet
 facet normal  0.000000e+00  1.000000e+00  0.000000e+00
   outer loop
     vertex  2.350000e+01 -2.300000e+01  1.000000e+03
     vertex  2.350000e+01 -2.300000e+01  0.000000e+00
     vertex  5.997154e+00 -2.300000e+01  4.998152e+02
   endloop
 endfacet
 facet normal  0.000000e+00  1.000000e+00  0.000000e+00
   outer loop
     vertex  5.997154e+00 -2.300000e+01  4.998152e+02
     vertex  2.350000e+01 -2.300000e+01  0.000000e+00
     vertex  5.928993e+00 -2.300000e+01  4.990797e+02
   endloop
 endfacet
 facet normal  0.000000e+00  1.000000e+00  0.000000e+00
   outer loop
     vertex  5.928993e+00 -2.300000e+01  4.990797e+02
     vertex  2.350000e+01 -2.300000e+01  0.000000e+00
     vertex  5.770954e+00 -2.300000e+01  4.983580e+02
   endloop
 endfacet
 facet normal  0.000000e+00  1.000000e+00  0.000000e+00
   outer loop
     vertex  2.350000e+01 -2.300000e+01  1.000000e+03
     vertex  5.997154e+00 -2.300000e+01  4.998152e+02
     vertex  5.974405e+00 -2.300000e+01  5.005536e+02
   endloop
 endfacet
 facet normal  0.000000e+00  1.000000e+00  0.000000e+00
   outer loop
     vertex  2.350000e+01 -2.300000e+01  1.000000e+03
     vertex  5.974405e+00 -2.300000e+01  5.005536e+02
     vertex  5.861090e+00 -2.300000e+01  5.012836e+02
   endloop
 endfacet
 facet normal  0.000000e+00  1.000000e+00  0.000000e+00
   outer loop
     vertex  2.350000e+01 -2.300000e+01  1.000000e+03
     vertex  5.861090e+00 -2.300000e+01  5.012836e+02
     vertex  5.658927e+00 -2.300000e+01  5.019941e+02
   endloop
 endfacet
 facet normal -1.000000e+00  2.234044e-16 -2.234044e-16
   outer loop
     vertex  2.350000e+01 -6.631227e+00  5.074851e+02
     vertex  2.350000e+01 -7.485107e+00  5.066312e+02
     vertex  2.350000e+01 -2.300000e+01  1.000000e+03
   endloop
 endfacet
 facet normal -1.000000e+00  2.827717e-16 -2.215375e-16
   outer loop
     vertex  2.350000e+01 -8.229839e+00  5.056806e+02
     vertex  2.350000e+01 -2.300000e+01  1.000000e+03
     vertex  2.350000e+01 -7.485107e+00  5.066312e+02
   endloop
 endfacet
 facet normal -1.000000e+00  1.762539e-16 -2.249714e-16
   outer loop
     vertex  2.350000e+01 -5.680647e+00  5.082298e+02
     vertex  2.350000e+01 -6.631227e+00  5.074851e+02
     vertex  2.350000e+01 -2.300000e+01  1.000000e+03
   endloop
 endfacet
 facet normal -1.000000e+00  1.368391e-16 -2.263596e-16
   outer loop
     vertex  2.350000e+01 -4.647232e+00  5.088546e+02
     vertex  2.350000e+01 -5.680647e+00  5.082298e+02
     vertex  2.350000e+01 -2.300000e+01  1.000000e+03
   endloop
 endfacet
 facet normal -1.000000e+00  3.625257e-16 -2.191544e-16
   outer loop
     vertex  2.350000e+01 -8.854560e+00  5.046472e+02
     vertex  2.350000e+01 -2.300000e+01  1.000000e+03
     vertex  2.350000e+01 -8.229839e+00  5.056806e+02
   endloop
 endfacet
 facet normal -1.000000e+00  1.024544e-16 -2.276444e-16
   outer loop
     vertex  2.350000e+01 -3.546049e+00  5.093502e+02
     vertex  2.350000e+01 -4.647232e+00  5.088546e+02
     vertex  2.350000e+01 -2.300000e+01  1.000000e+03
   endloop
 endfacet
 facet normal -1.000000e+00  4.795181e-16 -2.158136e-16
   outer loop
     vertex  2.350000e+01 -9.350162e+00  5.035460e+02
     vertex  2.350000e+01 -2.300000e+01  1.000000e+03
     vertex  2.350000e+01 -8.854560e+00  5.046472e+02
   endloop
 endfacet
 facet normal -1.000000e+00  7.132152e-17 -2.288788e-16
   outer loop
     vertex  2.350000e+01 -2.393157e+00  5.097094e+02
     vertex  2.350000e+01 -3.546049e+00  5.093502e+02
     vertex  2.350000e+01 -2.300000e+01  1.000000e+03
   endloop
 endfacet
 facet normal -1.000000e+00  4.216815e-17 -2.301041e-16
   outer loop
     vertex  2.350000e+01 -1.205367e+00  5.099271e+02
     vertex  2.350000e+01 -2.393157e+00  5.097094e+02
     vertex  2.350000e+01 -2.300000e+01  1.000000e+03
   endloop
 endfacet
 facet normal -1.000000e+00  0.000000e+00 -2.320140e-16
   outer loop
     vertex  2.350000e+01  2.449294e-15  5.100000e+02
     vertex  2.350000e+01 -2.300000e+01  1.000000e+03
     vertex  2.350000e+01  2.400000e+01  1.000000e+03
   endloop
 endfacet
 facet normal -1.000000e+00  1.399452e-17 -2.313571e-16
   outer loop
     vertex  2.350000e+01  2.449294e-15  5.100000e+02
     vertex  2.350000e+01 -1.205367e+00  5.099271e+02
     vertex  2.350000e+01 -2.300000e+01  1.000000e+03
   endloop
 endfacet
 facet normal -1.000000e+00 -1.399280e-17 -2.313286e-16
   outer loop
     vertex  2.350000e+01  1.205367e+00  5.099271e+02
     vertex  2.350000e+01  2.449294e-15  5.100000e+02
     vertex  2.350000e+01  2.400000e+01  1.000000e+03
   endloop
 endfacet
 facet normal -1.000000e+00 -4.215251e-17 -2.300188e-16
   outer loop
     vertex  2.350000e+01  2.393157e+00  5.097094e+02
     vertex  2.350000e+01  1.205367e+00  5.099271e+02
     vertex  2.350000e+01  2.400000e+01  1.000000e+03
   endloop
 endfacet
 facet normal -1.000000e+00 -7.127681e-17 -2.287353e-16
   outer loop
     vertex  2.350000e+01  3.546049e+00  5.093502e+02
     vertex  2.350000e+01  2.393157e+00  5.097094e+02
     vertex  2.350000e+01  2.400000e+01  1.000000e+03
   endloop
 endfacet
 facet normal -1.000000e+00 -1.023622e-16 -2.274394e-16
   outer loop
     vertex  2.350000e+01  4.647232e+00  5.088546e+02
     vertex  2.350000e+01  3.546049e+00  5.093502e+02
     vertex  2.350000e+01  2.400000e+01  1.000000e+03
   endloop
 endfacet
 facet normal -1.000000e+00 -1.366746e-16 -2.260874e-16
   outer loop
     vertex  2.350000e+01  5.680647e+00  5.082298e+02
     vertex  2.350000e+01  4.647232e+00  5.088546e+02
     vertex  2.350000e+01  2.400000e+01  1.000000e+03
   endloop
 endfacet
 facet normal -1.000000e+00 -1.759810e-16 -2.246232e-16
   outer loop
     vertex  2.350000e+01  6.631227e+00  5.074851e+02
     vertex  2.350000e+01  5.680647e+00  5.082298e+02
     vertex  2.350000e+01  2.400000e+01  1.000000e+03
   endloop
 endfacet
 facet normal -1.000000e+00 -2.229662e-16 -2.229662e-16
   outer loop
     vertex  2.350000e+01  7.485107e+00  5.066312e+02
     vertex  2.350000e+01  6.631227e+00  5.074851e+02
     vertex  2.350000e+01  2.400000e+01  1.000000e+03
   endloop
 endfacet
 facet normal -1.000000e+00 -2.820701e-16 -2.209878e-16
   outer loop
     vertex  2.350000e+01  8.229839e+00  5.056806e+02
     vertex  2.350000e+01  7.485107e+00  5.066312e+02
     vertex  2.350000e+01  2.400000e+01  1.000000e+03
   endloop
 endfacet
 facet normal -1.000000e+00 -3.613734e-16 -2.184578e-16
   outer loop
     vertex  2.350000e+01  8.854560e+00  5.046472e+02
     vertex  2.350000e+01  8.229839e+00  5.056806e+02
     vertex  2.350000e+01  2.400000e+01  1.000000e+03
   endloop
 endfacet
 facet normal -1.000000e+00 -4.775040e-16 -2.149071e-16
   outer loop
     vertex  2.350000e+01  9.350162e+00  5.035460e+02
     vertex  2.350000e+01  8.854560e+00  5.046472e+02
     vertex  2.350000e+01  2.400000e+01  1.000000e+03
   endloop
 endfacet
 facet normal -1.000000e+00  6.752959e-16  2.104307e-16
   outer loop
     vertex  2.350000e+01 -2.300000e+01  0.000000e+00
     vertex  2.350000e+01 -9.709418e+00  4.976068e+02
     vertex  2.350000e+01 -9.350162e+00  4.964540e+02
   endloop
 endfacet
 facet normal -1.000000e+00  4.795181e-16  2.158136e-16
   outer loop
     vertex  2.350000e+01 -2.300000e+01  0.000000e+00
     vertex  2.350000e+01 -9.350162e+00  4.964540e+02
     vertex  2.350000e+01 -8.854560e+00  4.953528e+02
   endloop
 endfacet
 facet normal -1.000000e+00  3.625257e-16  2.191544e-16
   outer loop
     vertex  2.350000e+01 -2.300000e+01  0.000000e+00
     vertex  2.350000e+01 -8.854560e+00  4.953528e+02
     vertex  2.350000e+01 -8.229839e+00  4.943194e+02
   endloop
 endfacet
 facet normal -1.000000e+00  2.827717e-16  2.215375e-16
   outer loop
     vertex  2.350000e+01 -2.300000e+01  0.000000e+00
     vertex  2.350000e+01 -8.229839e+00  4.943194e+02
     vertex  2.350000e+01 -7.485107e+00  4.933688e+02
   endloop
 endfacet
 facet normal -1.000000e+00  2.234044e-16  2.234044e-16
   outer loop
     vertex  2.350000e+01 -2.300000e+01  0.000000e+00
     vertex  2.350000e+01 -7.485107e+00  4.933688e+02
     vertex  2.350000e+01 -6.631227e+00  4.925149e+02
   endloop
 endfacet
 facet normal -1.000000e+00  1.762539e-16  2.249714e-16
   outer loop
     vertex  2.350000e+01 -2.300000e+01  0.000000e+00
     vertex  2.350000e+01 -6.631227e+00  4.925149e+02
     vertex  2.350000e+01 -5.680647e+00  4.917702e+02
   endloop
 endfacet
 facet normal -1.000000e+00  1.368391e-16  2.263596e-16
   outer loop
     vertex  2.350000e+01 -2.300000e+01  0.000000e+00
     vertex  2.350000e+01 -5.680647e+00  4.917702e+02
     vertex  2.350000e+01 -4.647232e+00  4.911454e+02
   endloop
 endfacet
 facet normal -1.000000e+00  1.024544e-16  2.276444e-16
   outer loop
     vertex  2.350000e+01 -2.300000e+01  0.000000e+00
     vertex  2.350000e+01 -4.647232e+00  4.911454e+02
     vertex  2.350000e+01 -3.546049e+00  4.906498e+02
   endloop
 endfacet
 facet normal -1.000000e+00  7.132152e-17  2.288788e-16
   outer loop
     vertex  2.350000e+01 -2.300000e+01  0.000000e+00
     vertex  2.350000e+01 -3.546049e+00  4.906498e+02
     vertex  2.350000e+01 -2.393157e+00  4.902906e+02
   endloop
 endfacet
 facet normal -1.000000e+00  4.216815e-17  2.301041e-16
   outer loop
     vertex  2.350000e+01 -2.300000e+01  0.000000e+00
     vertex  2.350000e+01 -2.393157e+00  4.902906e+02
     vertex  2.350000e+01 -1.205367e+00  4.900729e+02
   endloop
 endfacet
 facet normal -1.000000e+00  1.399452e-17  2.313571e-16
   outer loop
     vertex  2.350000e+01 -2.300000e+01  0.000000e+00
     vertex  2.350000e+01 -1.205367e+00  4.900729e+02
     vertex  2.350000e+01 -3.391159e-13  4.900000e+02
   endloop
 endfacet
 facet normal -1.000000e+00 -1.399280e-17  2.313286e-16
   outer loop
     vertex  2.350000e+01  2.400000e+01  0.000000e+00
     vertex  2.350000e+01 -3.391159e-13  4.900000e+02
     vertex  2.350000e+01  1.205367e+00  4.900729e+02
   endloop
 endfacet
 facet normal -1.000000e+00 -4.215251e-17  2.300188e-16
   outer loop
     vertex  2.350000e+01  2.400000e+01  0.000000e+00
     vertex  2.350000e+01  1.205367e+00  4.900729e+02
     vertex  2.350000e+01  2.393157e+00  4.902906e+02
   endloop
 endfacet
 facet normal -1.000000e+00 -7.127681e-17  2.287353e-16
   outer loop
     vertex  2.350000e+01  2.400000e+01  0.000000e+00
     vertex  2.350000e+01  2.393157e+00  4.902906e+02
     vertex  2.350000e+01  3.546049e+00  4.906498e+02
   endloop
 endfacet
 facet normal -1.000000e+00 -1.023622e-16  2.274394e-16
   outer loop
     vertex  2.350000e+01  2.400000e+01  0.000000e+00
     vertex  2.350000e+01  3.546049e+00  4.906498e+02
     vertex  2.350000e+01  4.647232e+00  4.911454e+02
   endloop
 endfacet
 facet normal -1.000000e+00 -1.366746e-16  2.260874e-16
   outer loop
     vertex  2.350000e+01  2.400000e+01  0.000000e+00
     vertex  2.350000e+01  4.647232e+00  4.911454e+02
     vertex  2.350000e+01  5.680647e+00  4.917702e+02
   endloop
 endfacet
 facet normal -1.000000e+00 -1.759810e-16  2.246232e-16
   outer loop
     vertex  2.350000e+01  2.400000e+01  0.000000e+00
     vertex  2.350000e+01  5.680647e+00  4.917702e+02
     vertex  2.350000e+01  6.631227e+00  4.925149e+02
   endloop
 endfacet
 facet normal -1.000000e+00 -2.229662e-16  2.229662e-16
   outer loop
     vertex  2.350000e+01  2.400000e+01  0.000000e+00
     vertex  2.350000e+01  6.631227e+00  4.925149e+02
     vertex  2.350000e+01  7.485107e+00  4.933688e+02
   endloop
 endfacet
 facet normal -1.000000e+00 -2.820701e-16  2.209878e-16
   outer loop
     vertex  2.350000e+01  2.400000e+01  0.000000e+00
     vertex  2.350000e+01  7.485107e+00  4.933688e+02
     vertex  2.350000e+01  8.229839e+00  4.943194e+02
   endloop
 endfacet
 facet normal -1.000000e+00 -3.613734e-16  2.184578e-16
   outer loop
     vertex  2.350000e+01  2.400000e+01  0.000000e+00
     vertex  2.350000e+01  8.229839e+00  4.943194e+02
     vertex  2.350000e+01  8.854560e+00  4.953528e+02
   endloop
 endfacet
 facet normal -1.000000e+00 -4.775040e-16  2.149071e-16
   outer loop
     vertex  2.350000e+01  2.400000e+01  0.000000e+00
     vertex  2.350000e+01  8.854560e+00  4.953528e+02
     vertex  2.350000e+01  9.350162e+00  4.964540e+02
   endloop
 endfacet
 facet normal -1.000000e+00 -6.713083e-16  2.091881e-16
   outer loop
     vertex  2.350000e+01  2.400000e+01  0.000000e+00
     vertex  2.350000e+01  9.350162e+00  4.964540e+02
     vertex  2.350000e+01  9.709418e+00  4.976068e+02
   endloop
 endfacet
 facet normal -1.000000e+00  0.000000e+00  2.320140e-16
   outer loop
     vertex  2.350000e+01  2.400000e+01  0.000000e+00
     vertex  2.350000e+01 -2.300000e+01  0.000000e+00
     vertex  2.350000e+01 -3.391159e-13  4.900000e+02
   endloop
 endfacet
 facet normal -1.000000e+00  8.745141e-15  0.000000e+00
   outer loop
     vertex  2.350000e+01 -2.300000e+01  0.000000e+00
     vertex  2.350000e+01 -2.300000e+01  1.000000e+03
     vertex  2.350000e+01 -1.000000e+01  5.000000e+02
   endloop
 endfacet
 facet normal -1.000000e+00  2.628936e-15 -1.590213e-16
   outer loop
     vertex  2.350000e+01 -1.000000e+01  5.000000e+02
     vertex  2.350000e+01 -2.300000e+01  1.000000e+03
     vertex  2.350000e+01 -9.927089e+00  5.012054e+02
   endloop
 endfacet
 facet normal -1.000000e+00  1.088116e-15 -1.994047e-16
   outer loop
     vertex  2.350000e+01 -9.927089e+00  5.012054e+02
     vertex  2.350000e+01 -2.300000e+01  1.000000e+03
     vertex  2.350000e+01 -9.709418e+00  5.023932e+02
   endloop
 endfacet
 facet normal -1.000000e+00  6.752959e-16 -2.104307e-16
   outer loop
     vertex  2.350000e+01 -9.709418e+00  5.023932e+02
     vertex  2.350000e+01 -2.300000e+01  1.000000e+03
     vertex  2.350000e+01 -9.350162e+00  5.035460e+02
   endloop
 endfacet
 facet normal -1.000000e+00  2.628936e-15  1.590213e-16
   outer loop
     vertex  2.350000e+01 -2.300000e+01  0.000000e+00
     vertex  2.350000e+01 -1.000000e+01  5.000000e+02
     vertex  2.350000e+01 -9.927089e+00  4.987946e+02
   endloop
 endfacet
 facet normal -1.000000e+00  1.088116e-15  1.994047e-16
   outer loop
     vertex  2.350000e+01 -2.300000e+01  0.000000e+00
     vertex  2.350000e+01 -9.927089e+00  4.987946e+02
     vertex  2.350000e+01 -9.709418e+00  4.976068e+02
   endloop
 endfacet
 facet normal -1.000000e+00 -8.120488e-15 -0.000000e+00
   outer loop
     vertex  2.350000e+01  2.400000e+01  1.000000e+03
     vertex  2.350000e+01  2.400000e+01  0.000000e+00
     vertex  2.350000e+01  1.000000e+01  5.000000e+02
   endloop
 endfacet
 facet normal -1.000000e+00 -2.569518e-15  1.554272e-16
   outer loop
     vertex  2.350000e+01  1.000000e+01  5.000000e+02
     vertex  2.350000e+01  2.400000e+01  0.000000e+00
     vertex  2.350000e+01  9.927089e+00  4.987946e+02
   endloop
 endfacet
 facet normal -1.000000e+00 -1.077800e-15  1.975143e-16
   outer loop
     vertex  2.350000e+01  9.927089e+00  4.987946e+02
     vertex  2.350000e+01  2.400000e+01  0.000000e+00
     vertex  2.350000e+01  9.709418e+00  4.976068e+02
   endloop
 endfacet
 facet normal -1.000000e+00 -2.569518e-15 -1.554272e-16
   outer loop
     vertex  2.350000e+01  2.400000e+01  1.000000e+03
     vertex  2.350000e+01  1.000000e+01  5.000000e+02
     vertex  2.350000e+01  9.927089e+00  5.012054e+02
   endloop
 endfacet
 facet normal -1.000000e+00 -1.077800e-15 -1.975143e-16
   outer loop
     vertex  2.350000e+01  2.400000e+01  1.000000e+03
     vertex  2.350000e+01  9.927089e+00  5.012054e+02
     vertex  2.350000e+01  9.709418e+00  5.023932e+02
   endloop
 endfacet
 facet normal -1.000000e+00 -6.713083e-16 -2.091881e-16
   outer loop
     vertex  2.350000e+01  2.400000e+01  1.000000e+03
     vertex  2.350000e+01  9.709418e+00  5.023932e+02
     vertex  2.350000e+01  9.350162e+00  5.035460e+02
   endloop
 endfacet
 facet normal -2.273779e-16 -1.000000e+00 -2.204804e-16
   outer loop
     vertex  4.556429e+00  2.400000e+01  5.039037e+02
     vertex  2.350000e+01  2.400000e+01  1.000000e+03
     vertex  4.042174e+00  2.400000e+01  5.044341e+02
   endloop
 endfacet
 facet normal -1.789500e-16 -1.000000e+00 -2.223818e-16
   outer loop
     vertex  3.466643e+00  2.400000e+01  5.048972e+02
     vertex  4.042174e+00  2.400000e+01  5.044341e+02
     vertex  2.350000e+01  2.400000e+01  1.000000e+03
   endloop
 endfacet
 facet normal -2.888546e-16 -1.000000e+00 -2.181329e-16
   outer loop
     vertex  5.001614e+00  2.400000e+01  5.033142e+02
     vertex  2.350000e+01  2.400000e+01  1.000000e+03
     vertex  4.556429e+00  2.400000e+01  5.039037e+02
   endloop
 endfacet
 facet normal -1.387014e-16 -1.000000e+00 -2.240104e-16
   outer loop
     vertex  2.838561e+00  2.400000e+01  5.052861e+02
     vertex  3.466643e+00  2.400000e+01  5.048972e+02
     vertex  2.350000e+01  2.400000e+01  1.000000e+03
   endloop
 endfacet
 facet normal -3.724262e-16 -1.000000e+00 -2.150203e-16
   outer loop
     vertex  5.370980e+00  2.400000e+01  5.026744e+02
     vertex  2.350000e+01  2.400000e+01  1.000000e+03
     vertex  5.001614e+00  2.400000e+01  5.033142e+02
   endloop
 endfacet
 facet normal -1.037330e-16 -1.000000e+00 -2.254708e-16
   outer loop
     vertex  2.167450e+00  2.400000e+01  5.055948e+02
     vertex  2.838561e+00  2.400000e+01  5.052861e+02
     vertex  2.350000e+01  2.400000e+01  1.000000e+03
   endloop
 endfacet
 facet normal -4.972549e-16 -1.000000e+00 -2.104700e-16
   outer loop
     vertex  5.658927e+00  2.400000e+01  5.019941e+02
     vertex  2.350000e+01  2.400000e+01  1.000000e+03
     vertex  5.370980e+00  2.400000e+01  5.026744e+02
   endloop
 endfacet
 facet normal -7.216081e-17 -1.000000e+00 -2.268331e-16
   outer loop
     vertex  1.463482e+00  2.400000e+01  5.058188e+02
     vertex  2.167450e+00  2.400000e+01  5.055948e+02
     vertex  2.350000e+01  2.400000e+01  1.000000e+03
   endloop
 endfacet
 facet normal -4.264846e-17 -1.000000e+00 -2.281491e-16
   outer loop
     vertex  7.373297e-01  2.400000e+01  5.059545e+02
     vertex  1.463482e+00  2.400000e+01  5.058188e+02
     vertex  2.350000e+01  2.400000e+01  1.000000e+03
   endloop
 endfacet
 facet normal  0.000000e+00 -1.000000e+00 -2.301353e-16
   outer loop
     vertex -1.469576e-15  2.400000e+01  5.060000e+02
     vertex  2.350000e+01  2.400000e+01  1.000000e+03
     vertex -2.350000e+01  2.400000e+01  1.000000e+03
   endloop
 endfacet
 facet normal -1.415273e-17 -1.000000e+00 -2.294620e-16
   outer loop
     vertex -1.469576e-15  2.400000e+01  5.060000e+02
     vertex  7.373297e-01  2.400000e+01  5.059545e+02
     vertex  2.350000e+01  2.400000e+01  1.000000e+03
   endloop
 endfacet
 facet normal  1.415273e-17 -1.000000e+00 -2.294620e-16
   outer loop
     vertex -7.373297e-01  2.400000e+01  5.059545e+02
     vertex -1.469576e-15  2.400000e+01  5.060000e+02
     vertex -2.350000e+01  2.400000e+01  1.000000e+03
   endloop
 endfacet
 facet normal  4.264846e-17 -1.000000e+00 -2.281491e-16
   outer loop
     vertex -1.463482e+00  2.400000e+01  5.058188e+02
     vertex -7.373297e-01  2.400000e+01  5.059545e+02
     vertex -2.350000e+01  2.400000e+01  1.000000e+03
   endloop
 endfacet
 facet normal  7.216081e-17 -1.000000e+00 -2.268331e-16
   outer loop
     vertex -2.167450e+00  2.400000e+01  5.055948e+02
     vertex -1.463482e+00  2.400000e+01  5.058188e+02
     vertex -2.350000e+01  2.400000e+01  1.000000e+03
   endloop
 endfacet
 facet normal  1.037330e-16 -1.000000e+00 -2.254708e-16
   outer loop
     vertex -2.838561e+00  2.400000e+01  5.052861e+02
     vertex -2.167450e+00  2.400000e+01  5.055948e+02
     vertex -2.350000e+01  2.400000e+01  1.000000e+03
   endloop
 endfacet
 facet normal  1.387014e-16 -1.000000e+00 -2.240104e-16
   outer loop
     vertex -3.466643e+00  2.400000e+01  5.048972e+02
     vertex -2.838561e+00  2.400000e+01  5.052861e+02
     vertex -2.350000e+01  2.400000e+01  1.000000e+03
   endloop
 endfacet
 facet normal  1.789500e-16 -1.000000e+00 -2.223818e-16
   outer loop
     vertex -4.042174e+00  2.400000e+01  5.044341e+02
     vertex -3.466643e+00  2.400000e+01  5.048972e+02
     vertex -2.350000e+01  2.400000e+01  1.000000e+03
   endloop
 endfacet
 facet normal  2.273779e-16 -1.000000e+00 -2.204804e-16
   outer loop
     vertex -4.556429e+00  2.400000e+01  5.039037e+02
     vertex -4.042174e+00  2.400000e+01  5.044341e+02
     vertex -2.350000e+01  2.400000e+01  1.000000e+03
   endloop
 endfacet
 facet normal  2.888546e-16 -1.000000e+00 -2.181329e-16
   outer loop
     vertex -5.001614e+00  2.400000e+01  5.033142e+02
     vertex -4.556429e+00  2.400000e+01  5.039037e+02
     vertex -2.350000e+01  2.400000e+01  1.000000e+03
   endloop
 endfacet
 facet normal  3.724262e-16 -1.000000e+00 -2.150203e-16
   outer loop
     vertex -5.370980e+00  2.400000e+01  5.026744e+02
     vertex -5.001614e+00  2.400000e+01  5.033142e+02
     vertex -2.350000e+01  2.400000e+01  1.000000e+03
   endloop
 endfacet
 facet normal  4.972549e-16 -1.000000e+00 -2.104700e-16
   outer loop
     vertex -5.658927e+00  2.400000e+01  5.019941e+02
     vertex -5.370980e+00  2.400000e+01  5.026744e+02
     vertex -2.350000e+01  2.400000e+01  1.000000e+03
   endloop
 endfacet
 facet normal -5.880040e-16 -1.000000e+00  2.072046e-16
   outer loop
     vertex  2.350000e+01  2.400000e+01  0.000000e+00
     vertex  5.770954e+00  2.400000e+01  4.983580e+02
     vertex  5.525433e+00  2.400000e+01  4.976613e+02
   endloop
 endfacet
 facet normal -4.277472e-16 -1.000000e+00  2.129928e-16
   outer loop
     vertex  2.350000e+01  2.400000e+01  0.000000e+00
     vertex  5.525433e+00  2.400000e+01  4.976613e+02
     vertex  5.196152e+00  2.400000e+01  4.970000e+02
   endloop
 endfacet
 facet normal -3.270359e-16 -1.000000e+00  2.167019e-16
   outer loop
     vertex  2.350000e+01  2.400000e+01  0.000000e+00
     vertex  5.196152e+00  2.400000e+01  4.970000e+02
     vertex  4.788103e+00  2.400000e+01  4.963842e+02
   endloop
 endfacet
 facet normal -2.560585e-16 -1.000000e+00  2.193775e-16
   outer loop
     vertex  2.350000e+01  2.400000e+01  0.000000e+00
     vertex  4.788103e+00  2.400000e+01  4.963842e+02
     vertex  4.307472e+00  2.400000e+01  4.958232e+02
   endloop
 endfacet
 facet normal -2.019001e-16 -1.000000e+00  2.214738e-16
   outer loop
     vertex  2.350000e+01  2.400000e+01  0.000000e+00
     vertex  4.307472e+00  2.400000e+01  4.958232e+02
     vertex  3.761543e+00  2.400000e+01  4.953255e+02
   endloop
 endfacet
 facet normal -1.580160e-16 -1.000000e+00  2.232226e-16
   outer loop
     vertex  2.350000e+01  2.400000e+01  0.000000e+00
     vertex  3.761543e+00  2.400000e+01  4.953255e+02
     vertex  3.158593e+00  2.400000e+01  4.948987e+02
   endloop
 endfacet
 facet normal -1.206918e-16 -1.000000e+00  2.247567e-16
   outer loop
     vertex  2.350000e+01  2.400000e+01  0.000000e+00
     vertex  3.158593e+00  2.400000e+01  4.948987e+02
     vertex  2.507762e+00  2.400000e+01  4.945492e+02
   endloop
 endfacet
 facet normal -8.761513e-17 -1.000000e+00  2.261607e-16
   outer loop
     vertex  2.350000e+01  2.400000e+01  0.000000e+00
     vertex  2.507762e+00  2.400000e+01  4.945492e+02
     vertex  1.818916e+00  2.400000e+01  4.942823e+02
   endloop
 endfacet
 facet normal -5.721706e-17 -1.000000e+00  2.274941e-16
   outer loop
     vertex  2.350000e+01  2.400000e+01  0.000000e+00
     vertex  1.818916e+00  2.400000e+01  4.942823e+02
     vertex  1.102497e+00  2.400000e+01  4.941022e+02
   endloop
 endfacet
 facet normal -2.833201e-17 -1.000000e+00  2.288034e-16
   outer loop
     vertex  2.350000e+01  2.400000e+01  0.000000e+00
     vertex  1.102497e+00  2.400000e+01  4.941022e+02
     vertex  3.693654e-01  2.400000e+01  4.940114e+02
   endloop
 endfacet
 facet normal  0.000000e+00 -1.000000e+00  2.301300e-16
   outer loop
     vertex -2.350000e+01  2.400000e+01  0.000000e+00
     vertex  3.693654e-01  2.400000e+01  4.940114e+02
     vertex -3.693654e-01  2.400000e+01  4.940114e+02
   endloop
 endfacet
 facet normal  2.833201e-17 -1.000000e+00  2.288034e-16
   outer loop
     vertex -2.350000e+01  2.400000e+01  0.000000e+00
     vertex -3.693654e-01  2.400000e+01  4.940114e+02
     vertex -1.102497e+00  2.400000e+01  4.941022e+02
   endloop
 endfacet
 facet normal  5.721706e-17 -1.000000e+00  2.274941e-16
   outer loop
     vertex -2.350000e+01  2.400000e+01  0.000000e+00
     vertex -1.102497e+00  2.400000e+01  4.941022e+02
     vertex -1.818916e+00  2.400000e+01  4.942823e+02
   endloop
 endfacet
 facet normal  8.761513e-17 -1.000000e+00  2.261607e-16
   outer loop
     vertex -2.350000e+01  2.400000e+01  0.000000e+00
     vertex -1.818916e+00  2.400000e+01  4.942823e+02
     vertex -2.507762e+00  2.400000e+01  4.945492e+02
   endloop
 endfacet
 facet normal  1.206918e-16 -1.000000e+00  2.247567e-16
   outer loop
     vertex -2.350000e+01  2.400000e+01  0.000000e+00
     vertex -2.507762e+00  2.400000e+01  4.945492e+02
     vertex -3.158593e+00  2.400000e+01  4.948987e+02
   endloop
 endfacet
 facet normal  1.580160e-16 -1.000000e+00  2.232226e-16
   outer loop
     vertex -2.350000e+01  2.400000e+01  0.000000e+00
     vertex -3.158593e+00  2.400000e+01  4.948987e+02
     vertex -3.761543e+00  2.400000e+01  4.953255e+02
   endloop
 endfacet
 facet normal  2.019001e-16 -1.000000e+00  2.214738e-16
   outer loop
     vertex -2.350000e+01  2.400000e+01  0.000000e+00
     vertex -3.761543e+00  2.400000e+01  4.953255e+02
     vertex -4.307472e+00  2.400000e+01  4.958232e+02
   endloop
 endfacet
 facet normal  2.560585e-16 -1.000000e+00  2.193775e-16
   outer loop
     vertex -2.350000e+01  2.400000e+01  0.000000e+00
     vertex -4.307472e+00  2.400000e+01  4.958232e+02
     vertex -4.788103e+00  2.400000e+01  4.963842e+02
   endloop
 endfacet
 facet normal  3.270359e-16 -1.000000e+00  2.167019e-16
   outer loop
     vertex -2.350000e+01  2.400000e+01  0.000000e+00
     vertex -4.788103e+00  2.400000e+01  4.963842e+02
     vertex -5.196152e+00  2.400000e+01  4.970000e+02
   endloop
 endfacet
 facet normal  4.277472e-16 -1.000000e+00  2.129928e-16
   outer loop
     vertex -2.350000e+01  2.400000e+01  0.000000e+00
     vertex -5.196152e+00  2.400000e+01  4.970000e+02
     vertex -5.525433e+00  2.400000e+01  4.976613e+02
   endloop
 endfacet
 facet normal  5.880040e-16 -1.000000e+00  2.072046e-16
   outer loop
     vertex -2.350000e+01  2.400000e+01  0.000000e+00
     vertex -5.525433e+00  2.400000e+01  4.976613e+02
     vertex -5.770954e+00  2.400000e+01  4.983580e+02
   endloop
 endfacet
 facet normal  0.000000e+00 -1.000000e+00  2.301300e-16
   outer loop
     vertex -2.350000e+01  2.400000e+01  0.000000e+00
     vertex  2.350000e+01  2.400000e+01  0.000000e+00
     vertex  3.693654e-01  2.400000e+01  4.940114e+02
   endloop
 endfacet
 facet normal -6.495335e-15 -1.000000e+00  0.000000e+00
   outer loop
     vertex  2.350000e+01  2.400000e+01  0.000000e+00
     vertex  2.350000e+01  2.400000e+01  1.000000e+03
     vertex  5.997154e+00  2.400000e+01  4.998152e+02
   endloop
 endfacet
 facet normal -3.454123e-15 -1.000000e+00 -1.064204e-16
   outer loop
     vertex  5.997154e+00  2.400000e+01  4.998152e+02
     vertex  2.350000e+01  2.400000e+01  1.000000e+03
     vertex  5.974405e+00  2.400000e+01  5.005536e+02
   endloop
 endfacet
 facet normal -1.196024e-15 -1.000000e+00 -1.856572e-16
   outer loop
     vertex  5.974405e+00  2.400000e+01  5.005536e+02
     vertex  2.350000e+01  2.400000e+01  1.000000e+03
     vertex  5.861090e+00  2.400000e+01  5.012836e+02
   endloop
 endfacet
 facet normal -7.126095e-16 -1.000000e+00 -2.027549e-16
   outer loop
     vertex  5.861090e+00  2.400000e+01  5.012836e+02
     vertex  2.350000e+01  2.400000e+01  1.000000e+03
     vertex  5.658927e+00  2.400000e+01  5.019941e+02
   endloop
 endfacet
 facet normal -1.781435e-15 -1.000000e+00  1.650743e-16
   outer loop
     vertex  2.350000e+01  2.400000e+01  0.000000e+00
     vertex  5.997154e+00  2.400000e+01  4.998152e+02
     vertex  5.928993e+00  2.400000e+01  4.990797e+02
   endloop
 endfacet
 facet normal -8.960812e-16 -1.000000e+00  1.962448e-16
   outer loop
     vertex  2.350000e+01  2.400000e+01  0.000000e+00
     vertex  5.928993e+00  2.400000e+01  4.990797e+02
     vertex  5.770954e+00  2.400000e+01  4.983580e+02
   endloop
 endfacet
 facet normal  6.495335e-15 -1.000000e+00  0.000000e+00
   outer loop
     vertex -2.350000e+01  2.400000e+01  1.000000e+03
     vertex -2.350000e+01  2.400000e+01  0.000000e+00
     vertex -5.997154e+00  2.400000e+01  4.998152e+02
   endloop
 endfacet
 facet normal  1.781435e-15 -1.000000e+00  1.650743e-16
   outer loop
     vertex -5.997154e+00  2.400000e+01  4.998152e+02
     vertex -2.350000e+01  2.400000e+01  0.000000e+00
     vertex -5.928993e+00  2.400000e+01  4.990797e+02
   endloop
 endfacet
 facet normal  8.960812e-16 -1.000000e+00  1.962448e-16
   outer loop
     vertex -5.928993e+00  2.400000e+01  4.990797e+02
     vertex -2.350000e+01  2.400000e+01  0.000000e+00
     vertex -5.770954e+00  2.400000e+01  4.983580e+02
   endloop
 endfacet
 facet normal  3.454123e-15 -1.000000e+00 -1.064204e-16
   outer loop
     vertex -2.350000e+01  2.400000e+01  1.000000e+03
     vertex -5.997154e+00  2.400000e+01  4.998152e+02
     vertex -5.974405e+00  2.400000e+01  5.005536e+02
   endloop
 endfacet
 facet normal  1.196024e-15 -1.000000e+00 -1.856572e-16
   outer loop
     vertex -2.350000e+01  2.400000e+01  1.000000e+03
     vertex -5.974405e+00  2.400000e+01  5.005536e+02
     vertex -5.861090e+00  2.400000e+01  5.012836e+02
   endloop
 endfacet
 facet normal  7.126095e-16 -1.000000e+00 -2.027549e-16
   outer loop
     vertex -2.350000e+01  2.400000e+01  1.000000e+03
     vertex -5.861090e+00  2.400000e+01  5.012836e+02
     vertex -5.658927e+00  2.400000e+01  5.019941e+02
   endloop
 endfacet
 facet normal  1.000000e+00 -0.000000e+00  0.000000e+00
   outer loop
     vertex -2.350000e+01  6.631227e+00  5.074851e+02
     vertex -2.350000e+01  7.485107e+00  5.066312e+02
     vertex -2.350000e+01  2.400000e+01  1.000000e+03
   endloop
 endfacet
 facet normal  1.000000e+00  0.000000e+00 -0.000000e+00
   outer loop
     vertex -2.350000e+01  8.229839e+00  5.056806e+02
     vertex -2.350000e+01  2.400000e+01  1.000000e+03
     vertex -2.350000e+01  7.485107e+00  5.066312e+02
   endloop
 endfacet
 facet normal  1.000000e+00 -0.000000e+00  0.000000e+00
   outer loop
     vertex -2.350000e+01  5.680647e+00  5.082298e+02
     vertex -2.350000e+01  6.631227e+00  5.074851e+02
     vertex -2.350000e+01  2.400000e+01  1.000000e+03
   endloop
 endfacet
 facet normal  1.000000e+00  0.000000e+00 -0.000000e+00
   outer loop
     vertex -2.350000e+01  8.854560e+00  5.046472e+02
     vertex -2.350000e+01  2.400000e+01  1.000000e+03
     vertex -2.350000e+01  8.229839e+00  5.056806e+02
   endloop
 endfacet
 facet normal  1.000000e+00 -0.000000e+00  0.000000e+00
   outer loop
     vertex -2.350000e+01  4.647232e+00  5.088546e+02
     vertex -2.350000e+01  5.680647e+00  5.082298e+02
     vertex -2.350000e+01  2.400000e+01  1.000000e+03
   endloop
 endfacet
 facet normal  1.000000e+00  0.000000e+00 -0.000000e+00
   outer loop
     vertex -2.350000e+01  9.350162e+00  5.035460e+02
     vertex -2.350000e+01  2.400000e+01  1.000000e+03
     vertex -2.350000e+01  8.854560e+00  5.046472e+02
   endloop
 endfacet
 facet normal  1.000000e+00 -0.000000e+00  0.000000e+00
   outer loop
     vertex -2.350000e+01  3.546049e+00  5.093502e+02
     vertex -2.350000e+01  4.647232e+00  5.088546e+02
     vertex -2.350000e+01  2.400000e+01  1.000000e+03
   endloop
 endfacet
 facet normal  1.000000e+00 -0.000000e+00  0.000000e+00
   outer loop
     vertex -2.350000e+01  2.393157e+00  5.097094e+02
     vertex -2.350000e+01  3.546049e+00  5.093502e+02
     vertex -2.350000e+01  2.400000e+01  1.000000e+03
   endloop
 endfacet
 facet normal  1.000000e+00 -0.000000e+00  0.000000e+00
   outer loop
     vertex -2.350000e+01  1.205367e+00  5.099271e+02
     vertex -2.350000e+01  2.393157e+00  5.097094e+02
     vertex -2.350000e+01  2.400000e+01  1.000000e+03
   endloop
 endfacet
 facet normal  1.000000e+00  0.000000e+00 -0.000000e+00
   outer loop
     vertex -2.350000e+01  2.449294e-15  5.100000e+02
     vertex -2.350000e+01  2.400000e+01  1.000000e+03
     vertex -2.350000e+01 -2.300000e+01  1.000000e+03
   endloop
 endfacet
 facet normal  1.000000e+00 -0.000000e+00  0.000000e+00
   outer loop
     vertex -2.350000e+01  2.449294e-15  5.100000e+02
     vertex -2.350000e+01  1.205367e+00  5.099271e+02
     vertex -2.350000e+01  2.400000e+01  1.000000e+03
   endloop
 endfacet
 facet normal  1.000000e+00  0.000000e+00 -0.000000e+00
   outer loop
     vertex -2.350000e+01 -1.205367e+00  5.099271e+02
     vertex -2.350000e+01  2.449294e-15  5.100000e+02
     vertex -2.350000e+01 -2.300000e+01  1.000000e+03
   endloop
 endfacet
 facet normal  1.000000e+00  0.000000e+00 -0.000000e+00
   outer loop
     vertex -2.350000e+01 -2.393157e+00  5.097094e+02
     vertex -2.350000e+01 -1.205367e+00  5.099271e+02
     vertex -2.350000e+01 -2.300000e+01  1.000000e+03
   endloop
 endfacet
 facet normal  1.000000e+00  0.000000e+00 -0.000000e+00
   outer loop
     vertex -2.350000e+01 -3.546049e+00  5.093502e+02
     vertex -2.350000e+01 -2.393157e+00  5.097094e+02
     vertex -2.350000e+01 -2.300000e+01  1.000000e+03
   endloop
 endfacet
 facet normal  1.000000e+00  0.000000e+00 -0.000000e+00
   outer loop
     vertex -2.350000e+01 -4.647232e+00  5.088546e+02
     vertex -2.350000e+01 -3.546049e+00  5.093502e+02
     vertex -2.350000e+01 -2.300000e+01  1.000000e+03
   endloop
 endfacet
 facet normal  1.000000e+00  0.000000e+00 -0.000000e+00
   outer loop
     vertex -2.350000e+01 -5.680647e+00  5.082298e+02
     vertex -2.350000e+01 -4.647232e+00  5.088546e+02
     vertex -2.350000e+01 -2.300000e+01  1.000000e+03
   endloop
 endfacet
 facet normal  1.000000e+00  0.000000e+00 -0.000000e+00
   outer loop
     vertex -2.350000e+01 -6.631227e+00  5.074851e+02
     vertex -2.350000e+01 -5.680647e+00  5.082298e+02
     vertex -2.350000e+01 -2.300000e+01  1.000000e+03
   endloop
 endfacet
 facet normal  1.000000e+00  0.000000e+00 -0.000000e+00
   outer loop
     vertex -2.350000e+01 -7.485107e+00  5.066312e+02
     vertex -2.350000e+01 -6.631227e+00  5.074851e+02
     vertex -2.350000e+01 -2.300000e+01  1.000000e+03
   endloop
 endfacet
 facet normal  1.000000e+00  0.000000e+00 -0.000000e+00
   outer loop
     vertex -2.350000e+01 -8.229839e+00  5.056806e+02
     vertex -2.350000e+01 -7.485107e+00  5.066312e+02
     vertex -2.350000e+01 -2.300000e+01  1.000000e+03
   endloop
 endfacet
 facet normal  1.000000e+00  0.000000e+00 -0.000000e+00
   outer loop
     vertex -2.350000e+01 -8.854560e+00  5.046472e+02
     vertex -2.350000e+01 -8.229839e+00  5.056806e+02
     vertex -2.350000e+01 -2.300000e+01  1.000000e+03
   endloop
 endfacet
 facet normal  1.000000e+00  0.000000e+00 -0.000000e+00
   outer loop
     vertex -2.350000e+01 -9.350162e+00  5.035460e+02
     vertex -2.350000e+01 -8.854560e+00  5.046472e+02
     vertex -2.350000e+01 -2.300000e+01  1.000000e+03
   endloop
 endfacet
 facet normal  1.000000e+00 -4.702630e-14 -2.187322e-15
   outer loop
     vertex -2.350000e+01  2.400000e+01  0.000000e+00
     vertex -2.350000e+01  1.205367e+00  4.900729e+02
     vertex -2.350000e+01 -3.391159e-13  4.900000e+02
   endloop
 endfacet
 facet normal  1.000000e+00  0.000000e+00  0.000000e+00
   outer loop
     vertex -2.350000e+01  2.400000e+01  0.000000e+00
     vertex -2.350000e+01  2.393157e+00  4.902906e+02
     vertex -2.350000e+01  1.205367e+00  4.900729e+02
   endloop
 endfacet
 facet normal  1.000000e+00  0.000000e+00  0.000000e+00
   outer loop
     vertex -2.350000e+01  2.400000e+01  0.000000e+00
     vertex -2.350000e+01  3.546049e+00  4.906498e+02
     vertex -2.350000e+01  2.393157e+00  4.902906e+02
   endloop
 endfacet
 facet normal  1.000000e+00  0.000000e+00  0.000000e+00
   outer loop
     vertex -2.350000e+01  2.400000e+01  0.000000e+00
     vertex -2.350000e+01  4.647232e+00  4.911454e+02
     vertex -2.350000e+01  3.546049e+00  4.906498e+02
   endloop
 endfacet
 facet normal  1.000000e+00  0.000000e+00  0.000000e+00
   outer loop
     vertex -2.350000e+01  2.400000e+01  0.000000e+00
     vertex -2.350000e+01  5.680647e+00  4.917702e+02
     vertex -2.350000e+01  4.647232e+00  4.911454e+02
   endloop
 endfacet
 facet normal  1.000000e+00  0.000000e+00  0.000000e+00
   outer loop
     vertex -2.350000e+01  2.400000e+01  0.000000e+00
     vertex -2.350000e+01  6.631227e+00  4.925149e+02
     vertex -2.350000e+01  5.680647e+00  4.917702e+02
   endloop
 endfacet
 facet normal  1.000000e+00  0.000000e+00  0.000000e+00
   outer loop
     vertex -2.350000e+01  2.400000e+01  0.000000e+00
     vertex -2.350000e+01  7.485107e+00  4.933688e+02
     vertex -2.350000e+01  6.631227e+00  4.925149e+02
   endloop
 endfacet
 facet normal  1.000000e+00  0.000000e+00  0.000000e+00
   outer loop
     vertex -2.350000e+01  2.400000e+01  0.000000e+00
     vertex -2.350000e+01  8.229839e+00  4.943194e+02
     vertex -2.350000e+01  7.485107e+00  4.933688e+02
   endloop
 endfacet
 facet normal  1.000000e+00  0.000000e+00  0.000000e+00
   outer loop
     vertex -2.350000e+01  2.400000e+01  0.000000e+00
     vertex -2.350000e+01  8.854560e+00  4.953528e+02
     vertex -2.350000e+01  8.229839e+00  4.943194e+02
   endloop
 endfacet
 facet normal  1.000000e+00  0.000000e+00  0.000000e+00
   outer loop
     vertex -2.350000e+01  2.400000e+01  0.000000e+00
     vertex -2.350000e+01  9.350162e+00  4.964540e+02
     vertex -2.350000e+01  8.854560e+00  4.953528e+02
   endloop
 endfacet
 facet normal  1.000000e+00  0.000000e+00  0.000000e+00
   outer loop
     vertex -2.350000e+01  2.400000e+01  0.000000e+00
     vertex -2.350000e+01  9.709418e+00  4.976068e+02
     vertex -2.350000e+01  9.350162e+00  4.964540e+02
   endloop
 endfacet
 facet normal  1.000000e+00  0.000000e+00  0.000000e+00
   outer loop
     vertex -2.350000e+01 -2.300000e+01  0.000000e+00
     vertex -2.350000e+01 -9.350162e+00  4.964540e+02
     vertex -2.350000e+01 -9.709418e+00  4.976068e+02
   endloop
 endfacet
 facet normal  1.000000e+00  0.000000e+00  0.000000e+00
   outer loop
     vertex -2.350000e+01 -2.300000e+01  0.000000e+00
     vertex -2.350000e+01 -8.854560e+00  4.953528e+02
     vertex -2.350000e+01 -9.350162e+00  4.964540e+02
   endloop
 endfacet
 facet normal  1.000000e+00  0.000000e+00  0.000000e+00
   outer loop
     vertex -2.350000e+01 -2.300000e+01  0.000000e+00
     vertex -2.350000e+01 -8.229839e+00  4.943194e+02
     vertex -2.350000e+01 -8.854560e+00  4.953528e+02
   endloop
 endfacet
 facet normal  1.000000e+00  0.000000e+00  0.000000e+00
   outer loop
     vertex -2.350000e+01 -2.300000e+01  0.000000e+00
     vertex -2.350000e+01 -7.485107e+00  4.933688e+02
     vertex -2.350000e+01 -8.229839e+00  4.943194e+02
   endloop
 endfacet
 facet normal  1.000000e+00  0.000000e+00  0.000000e+00
   outer loop
     vertex -2.350000e+01 -2.300000e+01  0.000000e+00
     vertex -2.350000e+01 -6.631227e+00  4.925149e+02
     vertex -2.350000e+01 -7.485107e+00  4.933688e+02
   endloop
 endfacet
 facet normal  1.000000e+00  0.000000e+00  0.000000e+00
   outer loop
     vertex -2.350000e+01 -2.300000e+01  0.000000e+00
     vertex -2.350000e+01 -5.680647e+00  4.917702e+02
     vertex -2.350000e+01 -6.631227e+00  4.925149e+02
   endloop
 endfacet
 facet normal  1.000000e+00  0.000000e+00  0.000000e+00
   outer loop
     vertex -2.350000e+01 -2.300000e+01  0.000000e+00
     vertex -2.350000e+01 -4.647232e+00  4.911454e+02
     vertex -2.350000e+01 -5.680647e+00  4.917702e+02
   endloop
 endfacet
 facet normal  1.000000e+00  0.000000e+00  0.000000e+00
   outer loop
     vertex -2.350000e+01 -2.300000e+01  0.000000e+00
     vertex -2.350000e+01 -3.546049e+00  4.906498e+02
     vertex -2.350000e+01 -4.647232e+00  4.911454e+02
   endloop
 endfacet
 facet normal  1.000000e+00  0.000000e+00  0.000000e+00
   outer loop
     vertex -2.350000e+01 -2.300000e+01  0.000000e+00
     vertex -2.350000e+01 -2.393157e+00  4.902906e+02
     vertex -2.350000e+01 -3.546049e+00  4.906498e+02
   endloop
 endfacet
 facet normal  1.000000e+00  0.000000e+00  0.000000e+00
   outer loop
     vertex -2.350000e+01 -2.300000e+01  0.000000e+00
     vertex -2.350000e+01 -1.205367e+00  4.900729e+02
     vertex -2.350000e+01 -2.393157e+00  4.902906e+02
   endloop
 endfacet
 facet normal  1.000000e+00  4.703209e-14 -2.091622e-15
   outer loop
     vertex -2.350000e+01 -2.300000e+01  0.000000e+00
     vertex -2.350000e+01 -3.391159e-13  4.900000e+02
     vertex -2.350000e+01 -1.205367e+00  4.900729e+02
   endloop
 endfacet
 facet normal  1.000000e+00 -0.000000e+00  1.160070e-16
   outer loop
     vertex -2.350000e+01 -2.300000e+01  0.000000e+00
     vertex -2.350000e+01  2.400000e+01  0.000000e+00
     vertex -2.350000e+01 -3.391159e-13  4.900000e+02
   endloop
 endfacet
 facet normal  1.000000e+00  0.000000e+00 -0.000000e+00
   outer loop
     vertex -2.350000e+01  2.400000e+01  0.000000e+00
     vertex -2.350000e+01  2.400000e+01  1.000000e+03
     vertex -2.350000e+01  1.000000e+01  5.000000e+02
   endloop
 endfacet
 facet normal  1.000000e+00  0.000000e+00 -0.000000e+00
   outer loop
     vertex -2.350000e+01  1.000000e+01  5.000000e+02
     vertex -2.350000e+01  2.400000e+01  1.000000e+03
     vertex -2.350000e+01  9.927089e+00  5.012054e+02
   endloop
 endfacet
 facet normal  1.000000e+00  0.000000e+00 -0.000000e+00
   outer loop
     vertex -2.350000e+01  9.927089e+00  5.012054e+02
     vertex -2.350000e+01  2.400000e+01  1.000000e+03
     vertex -2.350000e+01  9.709418e+00  5.023932e+02
   endloop
 endfacet
 facet normal  1.000000e+00  0.000000e+00 -0.000000e+00
   outer loop
     vertex -2.350000e+01  9.709418e+00  5.023932e+02
     vertex -2.350000e+01  2.400000e+01  1.000000e+03
     vertex -2.350000e+01  9.350162e+00  5.035460e+02
   endloop
 endfacet
 facet normal  1.000000e+00  0.000000e+00  0.000000e+00
   outer loop
     vertex -2.350000e+01  2.400000e+01  0.000000e+00
     vertex -2.350000e+01  1.000000e+01  5.000000e+02
     vertex -2.350000e+01  9.927089e+00  4.987946e+02
   endloop
 endfacet
 facet normal  1.000000e+00  0.000000e+00  0.000000e+00
   outer loop
     vertex -2.350000e+01  2.400000e+01  0.000000e+00
     vertex -2.350000e+01  9.927089e+00  4.987946e+02
     vertex -2.350000e+01  9.709418e+00  4.976068e+02
   endloop
 endfacet
 facet normal  1.000000e+00  0.000000e+00  0.000000e+00
   outer loop
     vertex -2.350000e+01 -2.300000e+01  1.000000e+03
     vertex -2.350000e+01 -2.300000e+01  0.000000e+00
     vertex -2.350000e+01 -1.000000e+01  5.000000e+02
   endloop
 endfacet
 facet normal  1.000000e+00  0.000000e+00  0.000000e+00
   outer loop
     vertex -2.350000e+01 -1.000000e+01  5.000000e+02
     vertex -2.350000e+01 -2.300000e+01  0.000000e+00
     vertex -2.350000e+01 -9.927089e+00  4.987946e+02
   endloop
 endfacet
 facet normal  1.000000e+00  0.000000e+00  0.000000e+00
   outer loop
     vertex -2.350000e+01 -9.927089e+00  4.987946e+02
     vertex -2.350000e+01 -2.300000e+01  0.000000e+00
     vertex -2.350000e+01 -9.709418e+00  4.976068e+02
   endloop
 endfacet
 facet normal  1.000000e+00  0.000000e+00  0.000000e+00
   outer loop
     vertex -2.350000e+01 -2.300000e+01  1.000000e+03
     vertex -2.350000e+01 -1.000000e+01  5.000000e+02
     vertex -2.350000e+01 -9.927089e+00  5.012054e+02
   endloop
 endfacet
 facet normal  1.000000e+00  0.000000e+00  0.000000e+00
   outer loop
     vertex -2.350000e+01 -2.300000e+01  1.000000e+03
     vertex -2.350000e+01 -9.927089e+00  5.012054e+02
     vertex -2.350000e+01 -9.709418e+00  5.023932e+02
   endloop
 endfacet
 facet normal  1.000000e+00  0.000000e+00  0.000000e+00
   outer loop
     vertex -2.350000e+01 -2.300000e+01  1.000000e+03
     vertex -2.350000e+01 -9.709418e+00  5.023932e+02
     vertex -2.350000e+01 -9.350162e+00  5.035460e+02
   endloop
 endfacet
 facet normal  0.000000e+00  6.037850e-02 -9.981756e-01
   outer loop
     vertex  2.500000e+01 -1.205367e+00  5.099271e+02
     vertex  2.350000e+01  2.449294e-15  5.100000e+02
     vertex  2.500000e+01  2.449294e-15  5.100000e+02
   endloop
 endfacet
 facet normal  0.000000e+00  6.037850e-02 -9.981756e-01
   outer loop
     vertex  2.500000e+01 -1.205367e+00  5.099271e+02
     vertex  2.350000e+01 -1.205367e+00  5.099271e+02
     vertex  2.350000e+01  2.449294e-15  5.100000e+02
   endloop
 endfacet
 facet normal  0.000000e+00  1.802550e-01 -9.836199e-01
   outer loop
     vertex  2.500000e+01 -2.393157e+00  5.097094e+02
     vertex  2.350000e+01 -2.393157e+00  5.097094e+02
     vertex  2.350000e+01 -1.205367e+00  5.099271e+02
   endloop
 endfacet
 facet normal  0.000000e+00  1.802550e-01 -9.836199e-01
   outer loop
     vertex  2.500000e+01 -2.393157e+00  5.097094e+02
     vertex  2.350000e+01 -1.205367e+00  5.099271e+02
     vertex  2.500000e+01 -1.205367e+00  5.099271e+02
   endloop
 endfacet
 facet normal  0.000000e+00  2.975031e-01 -9.547209e-01
   outer loop
     vertex  2.500000e+01 -3.546049e+00  5.093502e+02
     vertex  2.350000e+01 -3.546049e+00  5.093502e+02
     vertex  2.350000e+01 -2.393157e+00  5.097094e+02
   endloop
 endfacet
 facet normal  0.000000e+00  4.104128e-01 -9.118998e-01
   outer loop
     vertex  2.500000e+01 -3.546049e+00  5.093502e+02
     vertex  2.350000e+01 -4.647232e+00  5.088546e+02
     vertex  2.350000e+01 -3.546049e+00  5.093502e+02
   endloop
 endfacet
 facet normal  0.000000e+00  2.975031e-01 -9.547209e-01
   outer loop
     vertex  2.500000e+01 -3.546049e+00  5.093502e+02
     vertex  2.350000e+01 -2.393157e+00  5.097094e+02
     vertex  2.500000e+01 -2.393157e+00  5.097094e+02
   endloop
 endfacet
 facet normal  0.000000e+00  4.104128e-01 -9.118998e-01
   outer loop
     vertex  2.500000e+01 -4.647232e+00  5.088546e+02
     vertex  2.350000e+01 -4.647232e+00  5.088546e+02
     vertex  2.500000e+01 -3.546049e+00  5.093502e+02
   endloop
 endfacet
 facet normal  0.000000e+00  5.173378e-01 -8.557813e-01
   outer loop
     vertex  2.500000e+01 -5.680647e+00  5.082298e+02
     vertex  2.350000e+01 -5.680647e+00  5.082298e+02
     vertex  2.350000e+01 -4.647232e+00  5.088546e+02
   endloop
 endfacet
 facet normal  0.000000e+00  5.173378e-01 -8.557813e-01
   outer loop
     vertex  2.500000e+01 -5.680647e+00  5.082298e+02
     vertex  2.350000e+01 -4.647232e+00  5.088546e+02
     vertex  2.500000e+01 -4.647232e+00  5.088546e+02
   endloop
 endfacet
 facet normal  0.000000e+00  6.167189e-01 -7.871835e-01
   outer loop
     vertex  2.500000e+01 -6.631227e+00  5.074851e+02
     vertex  2.350000e+01 -6.631227e+00  5.074851e+02
     vertex  2.350000e+01 -5.680647e+00  5.082298e+02
   endloop
 endfacet
 facet normal  0.000000e+00  6.167189e-01 -7.871835e-01
   outer loop
     vertex  2.500000e+01 -6.631227e+00  5.074851e+02
     vertex  2.350000e+01 -5.680647e+00  5.082298e+02
     vertex  2.500000e+01 -5.680647e+00  5.082298e+02
   endloop
 endfacet
 facet normal  0.000000e+00  7.071068e-01 -7.071068e-01
   outer loop
     vertex  2.500000e+01 -7.485107e+00  5.066312e+02
     vertex  2.350000e+01 -7.485107e+00  5.066312e+02
     vertex  2.350000e+01 -6.631227e+00  5.074851e+02
   endloop
 endfacet
 facet normal  0.000000e+00  7.071068e-01 -7.071068e-01
   outer loop
     vertex  2.500000e+01 -7.485107e+00  5.066312e+02
     vertex  2.350000e+01 -6.631227e+00  5.074851e+02
     vertex  2.500000e+01 -6.631227e+00  5.074851e+02
   endloop
 endfacet
 facet normal  0.000000e+00  7.871835e-01 -6.167189e-01
   outer loop
     vertex  2.500000e+01 -8.229839e+00  5.056806e+02
     vertex  2.350000e+01 -8.229839e+00  5.056806e+02
     vertex  2.350000e+01 -7.485107e+00  5.066312e+02
   endloop
 endfacet
 facet normal  0.000000e+00  7.871835e-01 -6.167189e-01
   outer loop
     vertex  2.500000e+01 -8.229839e+00  5.056806e+02
     vertex  2.350000e+01 -7.485107e+00  5.066312e+02
     vertex  2.500000e+01 -7.485107e+00  5.066312e+02
   endloop
 endfacet
 facet normal  0.000000e+00  8.557813e-01 -5.173378e-01
   outer loop
     vertex  2.500000e+01 -8.854560e+00  5.046472e+02
     vertex  2.350000e+01 -8.854560e+00  5.046472e+02
     vertex  2.350000e+01 -8.229839e+00  5.056806e+02
   endloop
 endfacet
 facet normal  0.000000e+00  9.118998e-01 -4.104128e-01
   outer loop
     vertex  2.500000e+01 -8.854560e+00  5.046472e+02
     vertex  2.350000e+01 -9.350162e+00  5.035460e+02
     vertex  2.350000e+01 -8.854560e+00  5.046472e+02
   endloop
 endfacet
 facet normal  0.000000e+00  8.557813e-01 -5.173378e-01
   outer loop
     vertex  2.500000e+01 -8.854560e+00  5.046472e+02
     vertex  2.350000e+01 -8.229839e+00  5.056806e+02
     vertex  2.500000e+01 -8.229839e+00  5.056806e+02
   endloop
 endfacet
 facet normal  0.000000e+00  9.118998e-01 -4.104128e-01
   outer loop
     vertex  2.500000e+01 -9.350162e+00  5.035460e+02
     vertex  2.350000e+01 -9.350162e+00  5.035460e+02
     vertex  2.500000e+01 -8.854560e+00  5.046472e+02
   endloop
 endfacet
 facet normal  0.000000e+00  9.547209e-01 -2.975031e-01
   outer loop
     vertex  2.500000e+01 -9.709418e+00  5.023932e+02
     vertex  2.350000e+01 -9.350162e+00  5.035460e+02
     vertex  2.500000e+01 -9.350162e+00  5.035460e+02
   endloop
 endfacet
 facet normal  0.000000e+00  9.547209e-01 -2.975031e-01
   outer loop
     vertex  2.500000e+01 -9.709418e+00  5.023932e+02
     vertex  2.350000e+01 -9.709418e+00  5.023932e+02
     vertex  2.350000e+01 -9.350162e+00  5.035460e+02
   endloop
 endfacet
 facet normal  0.000000e+00  9.836199e-01 -1.802550e-01
   outer loop
     vertex  2.500000e+01 -9.927089e+00  5.012054e+02
     vertex  2.350000e+01 -9.709418e+00  5.023932e+02
     vertex  2.500000e+01 -9.709418e+00  5.023932e+02
   endloop
 endfacet
 facet normal  0.000000e+00  9.836199e-01 -1.802550e-01
   outer loop
     vertex  2.500000e+01 -9.927089e+00  5.012054e+02
     vertex  2.350000e+01 -9.927089e+00  5.012054e+02
     vertex  2.350000e+01 -9.709418e+00  5.023932e+02
   endloop
 endfacet
 facet normal  0.000000e+00  9.981756e-01 -6.037850e-02
   outer loop
     vertex  2.500000e+01 -9.927089e+00  5.012054e+02
     vertex  2.350000e+01 -1.000000e+01  5.000000e+02
     vertex  2.350000e+01 -9.927089e+00  5.012054e+02
   endloop
 endfacet
 facet normal  0.000000e+00  9.981756e-01 -6.037850e-02
   outer loop
     vertex  2.500000e+01 -1.000000e+01  5.000000e+02
     vertex  2.350000e+01 -1.000000e+01  5.000000e+02
     vertex  2.500000e+01 -9.927089e+00  5.012054e+02
   endloop
 endfacet
 facet normal  0.000000e+00  9.981756e-01  6.037850e-02
   outer loop
     vertex  2.500000e+01 -9.927089e+00  4.987946e+02
     vertex  2.350000e+01 -1.000000e+01  5.000000e+02
     vertex  2.500000e+01 -1.000000e+01  5.000000e+02
   endloop
 endfacet
 facet normal  0.000000e+00  9.981756e-01  6.037850e-02
   outer loop
     vertex  2.500000e+01 -9.927089e+00  4.987946e+02
     vertex  2.350000e+01 -9.927089e+00  4.987946e+02
     vertex  2.350000e+01 -1.000000e+01  5.000000e+02
   endloop
 endfacet
 facet normal  0.000000e+00  9.836199e-01  1.802550e-01
   outer loop
     vertex  2.500000e+01 -9.709418e+00  4.976068e+02
     vertex  2.350000e+01 -9.927089e+00  4.987946e+02
     vertex  2.500000e+01 -9.927089e+00  4.987946e+02
   endloop
 endfacet
 facet normal  0.000000e+00  9.836199e-01  1.802550e-01
   outer loop
     vertex  2.500000e+01 -9.709418e+00  4.976068e+02
     vertex  2.350000e+01 -9.709418e+00  4.976068e+02
     vertex  2.350000e+01 -9.927089e+00  4.987946e+02
   endloop
 endfacet
 facet normal  0.000000e+00  9.547209e-01  2.975031e-01
   outer loop
     vertex  2.500000e+01 -9.350162e+00  4.964540e+02
     vertex  2.350000e+01 -9.709418e+00  4.976068e+02
     vertex  2.500000e+01 -9.709418e+00  4.976068e+02
   endloop
 endfacet
 facet normal  0.000000e+00  9.547209e-01  2.975031e-01
   outer loop
     vertex  2.500000e+01 -9.350162e+00  4.964540e+02
     vertex  2.350000e+01 -9.350162e+00  4.964540e+02
     vertex  2.350000e+01 -9.709418e+00  4.976068e+02
   endloop
 endfacet
 facet normal  0.000000e+00  9.118998e-01  4.104128e-01
   outer loop
     vertex  2.500000e+01 -8.854560e+00  4.953528e+02
     vertex  2.350000e+01 -9.350162e+00  4.964540e+02
     vertex  2.500000e+01 -9.350162e+00  4.964540e+02
   endloop
 endfacet
 facet normal  0.000000e+00  9.118998e-01  4.104128e-01
   outer loop
     vertex  2.500000e+01 -8.854560e+00  4.953528e+02
     vertex  2.350000e+01 -8.854560e+00  4.953528e+02
     vertex  2.350000e+01 -9.350162e+00  4.964540e+02
   endloop
 endfacet
 facet normal  0.000000e+00  8.557813e-01  5.173378e-01
   outer loop
     vertex  2.500000e+01 -8.229839e+00  4.943194e+02
     vertex  2.350000e+01 -8.854560e+00  4.953528e+02
     vertex  2.500000e+01 -8.854560e+00  4.953528e+02
   endloop
 endfacet
 facet normal  0.000000e+00  8.557813e-01  5.173378e-01
   outer loop
     vertex  2.500000e+01 -8.229839e+00  4.943194e+02
     vertex  2.350000e+01 -8.229839e+00  4.943194e+02
     vertex  2.350000e+01 -8.854560e+00  4.953528e+02
   endloop
 endfacet
 facet normal  0.000000e+00  7.871835e-01  6.167189e-01
   outer loop
     vertex  2.500000e+01 -7.485107e+00  4.933688e+02
     vertex  2.350000e+01 -8.229839e+00  4.943194e+02
     vertex  2.500000e+01 -8.229839e+00  4.943194e+02
   endloop
 endfacet
 facet normal  0.000000e+00  7.871835e-01  6.167189e-01
   outer loop
     vertex  2.500000e+01 -7.485107e+00  4.933688e+02
     vertex  2.350000e+01 -7.485107e+00  4.933688e+02
     vertex  2.350000e+01 -8.229839e+00  4.943194e+02
   endloop
 endfacet
 facet normal  0.000000e+00  7.071068e-01  7.071068e-01
   outer loop
     vertex  2.500000e+01 -6.631227e+00  4.925149e+02
     vertex  2.350000e+01 -7.485107e+00  4.933688e+02
     vertex  2.500000e+01 -7.485107e+00  4.933688e+02
   endloop
 endfacet
 facet normal  0.000000e+00  7.071068e-01  7.071068e-01
   outer loop
     vertex  2.500000e+01 -6.631227e+00  4.925149e+02
     vertex  2.350000e+01 -6.631227e+00  4.925149e+02
     vertex  2.350000e+01 -7.485107e+00  4.933688e+02
   endloop
 endfacet
 facet normal  0.000000e+00  6.167189e-01  7.871835e-01
   outer loop
     vertex  2.500000e+01 -5.680647e+00  4.917702e+02
     vertex  2.350000e+01 -6.631227e+00  4.925149e+02
     vertex  2.500000e+01 -6.631227e+00  4.925149e+02
   endloop
 endfacet
 facet normal  0.000000e+00  6.167189e-01  7.871835e-01
   outer loop
     vertex  2.500000e+01 -5.680647e+00  4.917702e+02
     vertex  2.350000e+01 -5.680647e+00  4.917702e+02
     vertex  2.350000e+01 -6.631227e+00  4.925149e+02
   endloop
 endfacet
 facet normal  0.000000e+00  5.173378e-01  8.557813e-01
   outer loop
     vertex  2.500000e+01 -4.647232e+00  4.911454e+02
     vertex  2.350000e+01 -5.680647e+00  4.917702e+02
     vertex  2.500000e+01 -5.680647e+00  4.917702e+02
   endloop
 endfacet
 facet normal  0.000000e+00  5.173378e-01  8.557813e-01
   outer loop
     vertex  2.500000e+01 -4.647232e+00  4.911454e+02
     vertex  2.350000e+01 -4.647232e+00  4.911454e+02
     vertex  2.350000e+01 -5.680647e+00  4.917702e+02
   endloop
 endfacet
 facet normal  0.000000e+00  4.104128e-01  9.118998e-01
   outer loop
     vertex  2.500000e+01 -4.647232e+00  4.911454e+02
     vertex  2.350000e+01 -3.546049e+00  4.906498e+02
     vertex  2.350000e+01 -4.647232e+00  4.911454e+02
   endloop
 endfacet
 facet normal  0.000000e+00  4.104128e-01  9.118998e-01
   outer loop
     vertex  2.500000e+01 -3.546049e+00  4.906498e+02
     vertex  2.350000e+01 -3.546049e+00  4.906498e+02
     vertex  2.500000e+01 -4.647232e+00  4.911454e+02
   endloop
 endfacet
 facet normal  0.000000e+00  2.975031e-01  9.547209e-01
   outer loop
     vertex  2.500000e+01 -2.393157e+00  4.902906e+02
     vertex  2.350000e+01 -2.393157e+00  4.902906e+02
     vertex  2.350000e+01 -3.546049e+00  4.906498e+02
   endloop
 endfacet
 facet normal  0.000000e+00  2.975031e-01  9.547209e-01
   outer loop
     vertex  2.500000e+01 -2.393157e+00  4.902906e+02
     vertex  2.350000e+01 -3.546049e+00  4.906498e+02
     vertex  2.500000e+01 -3.546049e+00  4.906498e+02
   endloop
 endfacet
 facet normal  0.000000e+00  1.802550e-01  9.836199e-01
   outer loop
     vertex  2.500000e+01 -1.205367e+00  4.900729e+02
     vertex  2.350000e+01 -1.205367e+00  4.900729e+02
     vertex  2.350000e+01 -2.393157e+00  4.902906e+02
   endloop
 endfacet
 facet normal  0.000000e+00  6.037850e-02  9.981756e-01
   outer loop
     vertex  2.500000e+01 -1.205367e+00  4.900729e+02
     vertex  2.350000e+01 -3.391159e-13  4.900000e+02
     vertex  2.350000e+01 -1.205367e+00  4.900729e+02
   endloop
 endfacet
 facet normal  0.000000e+00  1.802550e-01  9.836199e-01
   outer loop
     vertex  2.500000e+01 -1.205367e+00  4.900729e+02
     vertex  2.350000e+01 -2.393157e+00  4.902906e+02
     vertex  2.500000e+01 -2.393157e+00  4.902906e+02
   endloop
 endfacet
 facet normal  0.000000e+00  6.037850e-02  9.981756e-01
   outer loop
     vertex  2.500000e+01 -3.391159e-13  4.900000e+02
     vertex  2.350000e+01 -3.391159e-13  4.900000e+02
     vertex  2.500000e+01 -1.205367e+00  4.900729e+02
   endloop
 endfacet
 facet normal  0.000000e+00 -6.037850e-02  9.981756e-01
   outer loop
     vertex  2.500000e+01  1.205367e+00  4.900729e+02
     vertex  2.350000e+01 -3.391159e-13  4.900000e+02
     vertex  2.500000e+01 -3.391159e-13  4.900000e+02
   endloop
 endfacet
 facet normal  0.000000e+00 -6.037850e-02  9.981756e-01
   outer loop
     vertex  2.500000e+01  1.205367e+00  4.900729e+02
     vertex  2.350000e+01  1.205367e+00  4.900729e+02
     vertex  2.350000e+01 -3.391159e-13  4.900000e+02
   endloop
 endfacet
 facet normal  0.000000e+00 -1.802550e-01  9.836199e-01
   outer loop
     vertex  2.500000e+01  2.393157e+00  4.902906e+02
     vertex  2.350000e+01  2.393157e+00  4.902906e+02
     vertex  2.350000e+01  1.205367e+00  4.900729e+02
   endloop
 endfacet
 facet normal  0.000000e+00 -1.802550e-01  9.836199e-01
   outer loop
     vertex  2.500000e+01  2.393157e+00  4.902906e+02
     vertex  2.350000e+01  1.205367e+00  4.900729e+02
     vertex  2.500000e+01  1.205367e+00  4.900729e+02
   endloop
 endfacet
 facet normal  0.000000e+00 -2.975031e-01  9.547209e-01
   outer loop
     vertex  2.500000e+01  3.546049e+00  4.906498e+02
     vertex  2.350000e+01  3.546049e+00  4.906498e+02
     vertex  2.350000e+01  2.393157e+00  4.902906e+02
   endloop
 endfacet
 facet normal  0.000000e+00 -2.975031e-01  9.547209e-01
   outer loop
     vertex  2.500000e+01  3.546049e+00  4.906498e+02
     vertex  2.350000e+01  2.393157e+00  4.902906e+02
     vertex  2.500000e+01  2.393157e+00  4.902906e+02
   endloop
 endfacet
 facet normal  0.000000e+00 -4.104128e-01  9.118998e-01
   outer loop
     vertex  2.500000e+01  4.647232e+00  4.911454e+02
     vertex  2.350000e+01  4.647232e+00  4.911454e+02
     vertex  2.350000e+01  3.546049e+00  4.906498e+02
   endloop
 endfacet
 facet normal  0.000000e+00 -4.104128e-01  9.118998e-01
   outer loop
     vertex  2.500000e+01  4.647232e+00  4.911454e+02
     vertex  2.350000e+01  3.546049e+00  4.906498e+02
     vertex  2.500000e+01  3.546049e+00  4.906498e+02
   endloop
 endfacet
 facet normal  0.000000e+00 -5.173378e-01  8.557813e-01
   outer loop
     vertex  2.500000e+01  5.680647e+00  4.917702e+02
     vertex  2.350000e+01  5.680647e+00  4.917702e+02
     vertex  2.350000e+01  4.647232e+00  4.911454e+02
   endloop
 endfacet
 facet normal  0.000000e+00 -5.173378e-01  8.557813e-01
   outer loop
     vertex  2.500000e+01  5.680647e+00  4.917702e+02
     vertex  2.350000e+01  4.647232e+00  4.911454e+02
     vertex  2.500000e+01  4.647232e+00  4.911454e+02
   endloop
 endfacet
 facet normal  0.000000e+00 -6.167189e-01  7.871835e-01
   outer loop
     vertex  2.500000e+01  6.631227e+00  4.925149e+02
     vertex  2.350000e+01  6.631227e+00  4.925149e+02
     vertex  2.350000e+01  5.680647e+00  4.917702e+02
   endloop
 endfacet
 facet normal  0.000000e+00 -6.167189e-01  7.871835e-01
   outer loop
     vertex  2.500000e+01  6.631227e+00  4.925149e+02
     vertex  2.350000e+01  5.680647e+00  4.917702e+02
     vertex  2.500000e+01  5.680647e+00  4.917702e+02
   endloop
 endfacet
 facet normal  0.000000e+00 -7.071068e-01  7.071068e-01
   outer loop
     vertex  2.500000e+01  7.485107e+00  4.933688e+02
     vertex  2.350000e+01  7.485107e+00  4.933688e+02
     vertex  2.350000e+01  6.631227e+00  4.925149e+02
   endloop
 endfacet
 facet normal  0.000000e+00 -7.071068e-01  7.071068e-01
   outer loop
     vertex  2.500000e+01  7.485107e+00  4.933688e+02
     vertex  2.350000e+01  6.631227e+00  4.925149e+02
     vertex  2.500000e+01  6.631227e+00  4.925149e+02
   endloop
 endfacet
 facet normal  0.000000e+00 -7.871835e-01  6.167189e-01
   outer loop
     vertex  2.500000e+01  8.229839e+00  4.943194e+02
     vertex  2.350000e+01  8.229839e+00  4.943194e+02
     vertex  2.350000e+01  7.485107e+00  4.933688e+02
   endloop
 endfacet
 facet normal  0.000000e+00 -8.557813e-01  5.173378e-01
   outer loop
     vertex  2.500000e+01  8.229839e+00  4.943194e+02
     vertex  2.350000e+01  8.854560e+00  4.953528e+02
     vertex  2.350000e+01  8.229839e+00  4.943194e+02
   endloop
 endfacet
 facet normal  0.000000e+00 -7.871835e-01  6.167189e-01
   outer loop
     vertex  2.500000e+01  8.229839e+00  4.943194e+02
     vertex  2.350000e+01  7.485107e+00  4.933688e+02
     vertex  2.500000e+01  7.485107e+00  4.933688e+02
   endloop
 endfacet
 facet normal  0.000000e+00 -8.557813e-01  5.173378e-01
   outer loop
     vertex  2.500000e+01  8.854560e+00  4.953528e+02
     vertex  2.350000e+01  8.854560e+00  4.953528e+02
     vertex  2.500000e+01  8.229839e+00  4.943194e+02
   endloop
 endfacet
 facet normal  0.000000e+00 -9.118998e-01  4.104128e-01
   outer loop
     vertex  2.500000e+01  9.350162e+00  4.964540e+02
     vertex  2.350000e+01  9.350162e+00  4.964540e+02
     vertex  2.350000e+01  8.854560e+00  4.953528e+02
   endloop
 endfacet
 facet normal  0.000000e+00 -9.118998e-01  4.104128e-01
   outer loop
     vertex  2.500000e+01  9.350162e+00  4.964540e+02
     vertex  2.350000e+01  8.854560e+00  4.953528e+02
     vertex  2.500000e+01  8.854560e+00  4.953528e+02
   endloop
 endfacet
 facet normal  0.000000e+00 -9.547209e-01  2.975031e-01
   outer loop
     vertex  2.500000e+01  9.709418e+00  4.976068e+02
     vertex  2.350000e+01  9.709418e+00  4.976068e+02
     vertex  2.350000e+01  9.350162e+00  4.964540e+02
   endloop
 endfacet
 facet normal  0.000000e+00 -9.836199e-01  1.802550e-01
   outer loop
     vertex  2.500000e+01  9.709418e+00  4.976068e+02
     vertex  2.350000e+01  9.927089e+00  4.987946e+02
     vertex  2.350000e+01  9.709418e+00  4.976068e+02
   endloop
 endfacet
 facet normal  0.000000e+00 -9.547209e-01  2.975031e-01
   outer loop
     vertex  2.500000e+01  9.709418e+00  4.976068e+02
     vertex  2.350000e+01  9.350162e+00  4.964540e+02
     vertex  2.500000e+01  9.350162e+00  4.964540e+02
   endloop
 endfacet
 facet normal  0.000000e+00 -9.836199e-01  1.802550e-01
   outer loop
     vertex  2.500000e+01  9.927089e+00  4.987946e+02
     vertex  2.350000e+01  9.927089e+00  4.987946e+02
     vertex  2.500000e+01  9.709418e+00  4.976068e+02
   endloop
 endfacet
 facet normal  0.000000e+00 -9.981756e-01  6.037850e-02
   outer loop
     vertex  2.500000e+01  1.000000e+01  5.000000e+02
     vertex  2.350000e+01  9.927089e+00  4.987946e+02
     vertex  2.500000e+01  9.927089e+00  4.987946e+02
   endloop
 endfacet
 facet normal  0.000000e+00 -9.981756e-01  6.037850e-02
   outer loop
     vertex  2.500000e+01  1.000000e+01  5.000000e+02
     vertex  2.350000e+01  1.000000e+01  5.000000e+02
     vertex  2.350000e+01  9.927089e+00  4.987946e+02
   endloop
 endfacet
 facet normal -0.000000e+00 -9.981756e-01 -6.037850e-02
   outer loop
     vertex  2.500000e+01  1.000000e+01  5.000000e+02
     vertex  2.350000e+01  9.927089e+00  5.012054e+02
     vertex  2.350000e+01  1.000000e+01  5.000000e+02
   endloop
 endfacet
 facet normal -0.000000e+00 -9.981756e-01 -6.037850e-02
   outer loop
     vertex  2.500000e+01  9.927089e+00  5.012054e+02
     vertex  2.350000e+01  9.927089e+00  5.012054e+02
     vertex  2.500000e+01  1.000000e+01  5.000000e+02
   endloop
 endfacet
 facet normal  0.000000e+00 -9.836199e-01 -1.802550e-01
   outer loop
     vertex  2.500000e+01  9.709418e+00  5.023932e+02
     vertex  2.350000e+01  9.927089e+00  5.012054e+02
     vertex  2.500000e+01  9.927089e+00  5.012054e+02
   endloop
 endfacet
 facet normal -0.000000e+00 -9.836199e-01 -1.802550e-01
   outer loop
     vertex  2.500000e+01  9.709418e+00  5.023932e+02
     vertex  2.350000e+01  9.709418e+00  5.023932e+02
     vertex  2.350000e+01  9.927089e+00  5.012054e+02
   endloop
 endfacet
 facet normal  0.000000e+00 -9.547209e-01 -2.975031e-01
   outer loop
     vertex  2.500000e+01  9.350162e+00  5.035460e+02
     vertex  2.350000e+01  9.709418e+00  5.023932e+02
     vertex  2.500000e+01  9.709418e+00  5.023932e+02
   endloop
 endfacet
 facet normal -0.000000e+00 -9.547209e-01 -2.975031e-01
   outer loop
     vertex  2.500000e+01  9.350162e+00  5.035460e+02
     vertex  2.350000e+01  9.350162e+00  5.035460e+02
     vertex  2.350000e+01  9.709418e+00  5.023932e+02
   endloop
 endfacet
 facet normal  0.000000e+00 -9.118998e-01 -4.104128e-01
   outer loop
     vertex  2.500000e+01  8.854560e+00  5.046472e+02
     vertex  2.350000e+01  9.350162e+00  5.035460e+02
     vertex  2.500000e+01  9.350162e+00  5.035460e+02
   endloop
 endfacet
 facet normal -0.000000e+00 -9.118998e-01 -4.104128e-01
   outer loop
     vertex  2.500000e+01  8.854560e+00  5.046472e+02
     vertex  2.350000e+01  8.854560e+00  5.046472e+02
     vertex  2.350000e+01  9.350162e+00  5.035460e+02
   endloop
 endfacet
 facet normal -0.000000e+00 -8.557813e-01 -5.173378e-01
   outer loop
     vertex  2.500000e+01  8.854560e+00  5.046472e+02
     vertex  2.350000e+01  8.229839e+00  5.056806e+02
     vertex  2.350000e+01  8.854560e+00  5.046472e+02
   endloop
 endfacet
 facet normal -0.000000e+00 -8.557813e-01 -5.173378e-01
   outer loop
     vertex  2.500000e+01  8.229839e+00  5.056806e+02
     vertex  2.350000e+01  8.229839e+00  5.056806e+02
     vertex  2.500000e+01  8.854560e+00  5.046472e+02
   endloop
 endfacet
 facet normal -0.000000e+00 -7.871835e-01 -6.167189e-01
   outer loop
     vertex  2.500000e+01  8.229839e+00  5.056806e+02
     vertex  2.350000e+01  7.485107e+00  5.066312e+02
     vertex  2.350000e+01  8.229839e+00  5.056806e+02
   endloop
 endfacet
 facet normal -0.000000e+00 -7.871835e-01 -6.167189e-01
   outer loop
     vertex  2.500000e+01  7.485107e+00  5.066312e+02
     vertex  2.350000e+01  7.485107e+00  5.066312e+02
     vertex  2.500000e+01  8.229839e+00  5.056806e+02
   endloop
 endfacet
 facet normal  0.000000e+00 -7.071068e-01 -7.071068e-01
   outer loop
     vertex  2.500000e+01  6.631227e+00  5.074851e+02
     vertex  2.350000e+01  7.485107e+00  5.066312e+02
     vertex  2.500000e+01  7.485107e+00  5.066312e+02
   endloop
 endfacet
 facet normal -0.000000e+00 -7.071068e-01 -7.071068e-01
   outer loop
     vertex  2.500000e+01  6.631227e+00  5.074851e+02
     vertex  2.350000e+01  6.631227e+00  5.074851e+02
     vertex  2.350000e+01  7.485107e+00  5.066312e+02
   endloop
 endfacet
 facet normal -0.000000e+00 -6.167189e-01 -7.871835e-01
   outer loop
     vertex  2.500000e+01  6.631227e+00  5.074851e+02
     vertex  2.350000e+01  5.680647e+00  5.082298e+02
     vertex  2.350000e+01  6.631227e+00  5.074851e+02
   endloop
 endfacet
 facet normal -0.000000e+00 -6.167189e-01 -7.871835e-01
   outer loop
     vertex  2.500000e+01  5.680647e+00  5.082298e+02
     vertex  2.350000e+01  5.680647e+00  5.082298e+02
     vertex  2.500000e+01  6.631227e+00  5.074851e+02
   endloop
 endfacet
 facet normal  0.000000e+00 -5.173378e-01 -8.557813e-01
   outer loop
     vertex  2.500000e+01  4.647232e+00  5.088546e+02
     vertex  2.350000e+01  5.680647e+00  5.082298e+02
     vertex  2.500000e+01  5.680647e+00  5.082298e+02
   endloop
 endfacet
 facet normal -0.000000e+00 -5.173378e-01 -8.557813e-01
   outer loop
     vertex  2.500000e+01  4.647232e+00  5.088546e+02
     vertex  2.350000e+01  4.647232e+00  5.088546e+02
     vertex  2.350000e+01  5.680647e+00  5.082298e+02
   endloop
 endfacet
 facet normal -0.000000e+00 -4.104128e-01 -9.118998e-01
   outer loop
     vertex  2.500000e+01  4.647232e+00  5.088546e+02
     vertex  2.350000e+01  3.546049e+00  5.093502e+02
     vertex  2.350000e+01  4.647232e+00  5.088546e+02
   endloop
 endfacet
 facet normal -0.000000e+00 -4.104128e-01 -9.118998e-01
   outer loop
     vertex  2.500000e+01  3.546049e+00  5.093502e+02
     vertex  2.350000e+01  3.546049e+00  5.093502e+02
     vertex  2.500000e+01  4.647232e+00  5.088546e+02
   endloop
 endfacet
 facet normal -0.000000e+00 -2.975031e-01 -9.547209e-01
   outer loop
     vertex  2.500000e+01  2.393157e+00  5.097094e+02
     vertex  2.350000e+01  2.393157e+00  5.097094e+02
     vertex  2.350000e+01  3.546049e+00  5.093502e+02
   endloop
 endfacet
 facet normal  0.000000e+00 -2.975031e-01 -9.547209e-01
   outer loop
     vertex  2.500000e+01  2.393157e+00  5.097094e+02
     vertex  2.350000e+01  3.546049e+00  5.093502e+02
     vertex  2.500000e+01  3.546049e+00  5.093502e+02
   endloop
 endfacet
 facet normal -0.000000e+00 -1.802550e-01 -9.836199e-01
   outer loop
     vertex  2.500000e+01  1.205367e+00  5.099271e+02
     vertex  2.350000e+01  1.205367e+00  5.099271e+02
     vertex  2.350000e+01  2.393157e+00  5.097094e+02
   endloop
 endfacet
 facet normal  0.000000e+00 -1.802550e-01 -9.836199e-01
   outer loop
     vertex  2.500000e+01  1.205367e+00  5.099271e+02
     vertex  2.350000e+01  2.393157e+00  5.097094e+02
     vertex  2.500000e+01  2.393157e+00  5.097094e+02
   endloop
 endfacet
 facet normal -0.000000e+00 -6.037850e-02 -9.981756e-01
   outer loop
     vertex  2.500000e+01  2.449294e-15  5.100000e+02
     vertex  2.350000e+01  2.449294e-15  5.100000e+02
     vertex  2.350000e+01  1.205367e+00  5.099271e+02
   endloop
 endfacet
 facet normal  0.000000e+00 -6.037850e-02 -9.981756e-01
   outer loop
     vertex  2.500000e+01  2.449294e-15  5.100000e+02
     vertex  2.350000e+01  1.205367e+00  5.099271e+02
     vertex  2.500000e+01  1.205367e+00  5.099271e+02
   endloop
 endfacet
 facet normal -6.156091e-02  0.000000e+00 -9.981033e-01
   outer loop
     vertex  7.373297e-01  2.500000e+01  5.059545e+02
     vertex -1.469576e-15  2.400000e+01  5.060000e+02
     vertex -1.469576e-15  2.500000e+01  5.060000e+02
   endloop
 endfacet
 facet normal -6.156091e-02 -0.000000e+00 -9.981033e-01
   outer loop
     vertex  7.373297e-01  2.500000e+01  5.059545e+02
     vertex  7.373297e-01  2.400000e+01  5.059545e+02
     vertex -1.469576e-15  2.400000e+01  5.060000e+02
   endloop
 endfacet
 facet normal -1.837495e-01  0.000000e+00 -9.829731e-01
   outer loop
     vertex  1.463482e+00  2.500000e+01  5.058188e+02
     vertex  7.373297e-01  2.400000e+01  5.059545e+02
     vertex  7.373297e-01  2.500000e+01  5.059545e+02
   endloop
 endfacet
 facet normal -1.837495e-01 -0.000000e+00 -9.829731e-01
   outer loop
     vertex  1.463482e+00  2.500000e+01  5.058188e+02
     vertex  1.463482e+00  2.400000e+01  5.058188e+02
     vertex  7.373297e-01  2.400000e+01  5.059545e+02
   endloop
 endfacet
 facet normal -3.031527e-01  0.000000e+00 -9.529420e-01
   outer loop
     vertex  2.167450e+00  2.500000e+01  5.055948e+02
     vertex  1.463482e+00  2.400000e+01  5.058188e+02
     vertex  1.463482e+00  2.500000e+01  5.058188e+02
   endloop
 endfacet
 facet normal -3.031527e-01 -0.000000e+00 -9.529420e-01
   outer loop
     vertex  2.167450e+00  2.500000e+01  5.055948e+02
     vertex  2.167450e+00  2.400000e+01  5.055948e+02
     vertex  1.463482e+00  2.400000e+01  5.058188e+02
   endloop
 endfacet
 facet normal -4.179603e-01  0.000000e+00 -9.084653e-01
   outer loop
     vertex  2.838561e+00  2.500000e+01  5.052861e+02
     vertex  2.167450e+00  2.400000e+01  5.055948e+02
     vertex  2.167450e+00  2.500000e+01  5.055948e+02
   endloop
 endfacet
 facet normal -4.179603e-01 -0.000000e+00 -9.084653e-01
   outer loop
     vertex  2.838561e+00  2.500000e+01  5.052861e+02
     vertex  2.838561e+00  2.400000e+01  5.052861e+02
     vertex  2.167450e+00  2.400000e+01  5.055948e+02
   endloop
 endfacet
 facet normal -5.264322e-01  0.000000e+00 -8.502171e-01
   outer loop
     vertex  3.466643e+00  2.500000e+01  5.048972e+02
     vertex  2.838561e+00  2.400000e+01  5.052861e+02
     vertex  2.838561e+00  2.500000e+01  5.052861e+02
   endloop
 endfacet
 facet normal -5.264322e-01 -0.000000e+00 -8.502171e-01
   outer loop
     vertex  3.466643e+00  2.500000e+01  5.048972e+02
     vertex  3.466643e+00  2.400000e+01  5.048972e+02
     vertex  2.838561e+00  2.400000e+01  5.052861e+02
   endloop
 endfacet
 facet normal -6.269238e-01  0.000000e+00 -7.790806e-01
   outer loop
     vertex  4.042174e+00  2.500000e+01  5.044341e+02
     vertex  3.466643e+00  2.400000e+01  5.048972e+02
     vertex  3.466643e+00  2.500000e+01  5.048972e+02
   endloop
 endfacet
 facet normal -6.269238e-01 -0.000000e+00 -7.790806e-01
   outer loop
     vertex  4.042174e+00  2.500000e+01  5.044341e+02
     vertex  4.042174e+00  2.400000e+01  5.044341e+02
     vertex  3.466643e+00  2.400000e+01  5.048972e+02
   endloop
 endfacet
 facet normal -7.179119e-01  0.000000e+00 -6.961339e-01
   outer loop
     vertex  4.556429e+00  2.500000e+01  5.039037e+02
     vertex  4.042174e+00  2.400000e+01  5.044341e+02
     vertex  4.042174e+00  2.500000e+01  5.044341e+02
   endloop
 endfacet
 facet normal -7.179119e-01 -0.000000e+00 -6.961339e-01
   outer loop
     vertex  4.556429e+00  2.500000e+01  5.039037e+02
     vertex  4.556429e+00  2.400000e+01  5.039037e+02
     vertex  4.042174e+00  2.400000e+01  5.044341e+02
   endloop
 endfacet
 facet normal -7.980172e-01  0.000000e+00 -6.026346e-01
   outer loop
     vertex  5.001614e+00  2.500000e+01  5.033142e+02
     vertex  4.556429e+00  2.400000e+01  5.039037e+02
     vertex  4.556429e+00  2.500000e+01  5.039037e+02
   endloop
 endfacet
 facet normal -7.980172e-01 -0.000000e+00 -6.026346e-01
   outer loop
     vertex  5.001614e+00  2.500000e+01  5.033142e+02
     vertex  5.001614e+00  2.400000e+01  5.033142e+02
     vertex  4.556429e+00  2.400000e+01  5.039037e+02
   endloop
 endfacet
 facet normal -8.660254e-01  0.000000e+00 -5.000000e-01
   outer loop
     vertex  5.370980e+00  2.500000e+01  5.026744e+02
     vertex  5.001614e+00  2.400000e+01  5.033142e+02
     vertex  5.001614e+00  2.500000e+01  5.033142e+02
   endloop
 endfacet
 facet normal -8.660254e-01 -0.000000e+00 -5.000000e-01
   outer loop
     vertex  5.370980e+00  2.500000e+01  5.026744e+02
     vertex  5.370980e+00  2.400000e+01  5.026744e+02
     vertex  5.001614e+00  2.400000e+01  5.033142e+02
   endloop
 endfacet
 facet normal -9.209055e-01  0.000000e+00 -3.897859e-01
   outer loop
     vertex  5.658927e+00  2.500000e+01  5.019941e+02
     vertex  5.370980e+00  2.400000e+01  5.026744e+02
     vertex  5.370980e+00  2.500000e+01  5.026744e+02
   endloop
 endfacet
 facet normal -9.209055e-01 -0.000000e+00 -3.897859e-01
   outer loop
     vertex  5.658927e+00  2.500000e+01  5.019941e+02
     vertex  5.658927e+00  2.400000e+01  5.019941e+02
     vertex  5.370980e+00  2.400000e+01  5.026744e+02
   endloop
 endfacet
 facet normal -9.618256e-01  0.000000e+00 -2.736630e-01
   outer loop
     vertex  5.861090e+00  2.500000e+01  5.012836e+02
     vertex  5.658927e+00  2.400000e+01  5.019941e+02
     vertex  5.658927e+00  2.500000e+01  5.019941e+02
   endloop
 endfacet
 facet normal -9.618256e-01 -0.000000e+00 -2.736630e-01
   outer loop
     vertex  5.861090e+00  2.500000e+01  5.012836e+02
     vertex  5.861090e+00  2.400000e+01  5.012836e+02
     vertex  5.658927e+00  2.400000e+01  5.019941e+02
   endloop
 endfacet
 facet normal -9.881655e-01  0.000000e+00 -1.533917e-01
   outer loop
     vertex  5.974405e+00  2.500000e+01  5.005536e+02
     vertex  5.861090e+00  2.400000e+01  5.012836e+02
     vertex  5.861090e+00  2.500000e+01  5.012836e+02
   endloop
 endfacet
 facet normal -9.881655e-01 -0.000000e+00 -1.533917e-01
   outer loop
     vertex  5.974405e+00  2.500000e+01  5.005536e+02
     vertex  5.974405e+00  2.400000e+01  5.005536e+02
     vertex  5.861090e+00  2.400000e+01  5.012836e+02
   endloop
 endfacet
 facet normal -9.995257e-01  0.000000e+00 -3.079506e-02
   outer loop
     vertex  5.997154e+00  2.500000e+01  4.998152e+02
     vertex  5.974405e+00  2.400000e+01  5.005536e+02
     vertex  5.974405e+00  2.500000e+01  5.005536e+02
   endloop
 endfacet
 facet normal -9.995257e-01 -0.000000e+00 -3.079506e-02
   outer loop
     vertex  5.997154e+00  2.500000e+01  4.998152e+02
     vertex  5.997154e+00  2.400000e+01  4.998152e+02
     vertex  5.974405e+00  2.400000e+01  5.005536e+02
   endloop
 endfacet
 facet normal -9.957342e-01  0.000000e+00  9.226836e-02
   outer loop
     vertex  5.928993e+00  2.500000e+01  4.990797e+02
     vertex  5.928993e+00  2.400000e+01  4.990797e+02
     vertex  5.997154e+00  2.400000e+01  4.998152e+02
   endloop
 endfacet
 facet normal -9.957342e-01  0.000000e+00  9.226836e-02
   outer loop
     vertex  5.928993e+00  2.500000e+01  4.990797e+02
     vertex  5.997154e+00  2.400000e+01  4.998152e+02
     vertex  5.997154e+00  2.500000e+01  4.998152e+02
   endloop
 endfacet
 facet normal -9.768483e-01  0.000000e+00  2.139331e-01
   outer loop
     vertex  5.770954e+00  2.500000e+01  4.983580e+02
     vertex  5.770954e+00  2.400000e+01  4.983580e+02
     vertex  5.928993e+00  2.400000e+01  4.990797e+02
   endloop
 endfacet
 facet normal -9.768483e-01  0.000000e+00  2.139331e-01
   outer loop
     vertex  5.770954e+00  2.500000e+01  4.983580e+02
     vertex  5.928993e+00  2.400000e+01  4.990797e+02
     vertex  5.928993e+00  2.500000e+01  4.990797e+02
   endloop
 endfacet
 facet normal -9.431544e-01  0.000000e+00  3.323548e-01
   outer loop
     vertex  5.770954e+00  2.500000e+01  4.983580e+02
     vertex  5.525433e+00  2.400000e+01  4.976613e+02
     vertex  5.770954e+00  2.400000e+01  4.983580e+02
   endloop
 endfacet
 facet normal -9.431544e-01  0.000000e+00  3.323548e-01
   outer loop
     vertex  5.525433e+00  2.500000e+01  4.976613e+02
     vertex  5.525433e+00  2.400000e+01  4.976613e+02
     vertex  5.770954e+00  2.500000e+01  4.983580e+02
   endloop
 endfacet
 facet normal -8.951633e-01  0.000000e+00  4.457384e-01
   outer loop
     vertex  5.196152e+00  2.500000e+01  4.970000e+02
     vertex  5.196152e+00  2.400000e+01  4.970000e+02
     vertex  5.525433e+00  2.400000e+01  4.976613e+02
   endloop
 endfacet
 facet normal -8.336024e-01  0.000000e+00  5.523650e-01
   outer loop
     vertex  5.196152e+00  2.500000e+01  4.970000e+02
     vertex  4.788103e+00  2.400000e+01  4.963842e+02
     vertex  5.196152e+00  2.400000e+01  4.970000e+02
   endloop
 endfacet
 facet normal -8.951633e-01  0.000000e+00  4.457384e-01
   outer loop
     vertex  5.196152e+00  2.500000e+01  4.970000e+02
     vertex  5.525433e+00  2.400000e+01  4.976613e+02
     vertex  5.525433e+00  2.500000e+01  4.976613e+02
   endloop
 endfacet
 facet normal -8.336024e-01  0.000000e+00  5.523650e-01
   outer loop
     vertex  4.788103e+00  2.500000e+01  4.963842e+02
     vertex  4.788103e+00  2.400000e+01  4.963842e+02
     vertex  5.196152e+00  2.500000e+01  4.970000e+02
   endloop
 endfacet
 facet normal -7.594049e-01  0.000000e+00  6.506183e-01
   outer loop
     vertex  4.307472e+00  2.500000e+01  4.958232e+02
     vertex  4.307472e+00  2.400000e+01  4.958232e+02
     vertex  4.788103e+00  2.400000e+01  4.963842e+02
   endloop
 endfacet
 facet normal -7.594049e-01  0.000000e+00  6.506183e-01
   outer loop
     vertex  4.307472e+00  2.500000e+01  4.958232e+02
     vertex  4.788103e+00  2.400000e+01  4.963842e+02
     vertex  4.788103e+00  2.500000e+01  4.963842e+02
   endloop
 endfacet
 facet normal -6.736956e-01  0.000000e+00  7.390089e-01
   outer loop
     vertex  3.761543e+00  2.500000e+01  4.953255e+02
     vertex  3.761543e+00  2.400000e+01  4.953255e+02
     vertex  4.307472e+00  2.400000e+01  4.958232e+02
   endloop
 endfacet
 facet normal -6.736956e-01  0.000000e+00  7.390089e-01
   outer loop
     vertex  3.761543e+00  2.500000e+01  4.953255e+02
     vertex  4.307472e+00  2.400000e+01  4.958232e+02
     vertex  4.307472e+00  2.500000e+01  4.958232e+02
   endloop
 endfacet
 facet normal -5.777738e-01  0.000000e+00  8.161969e-01
   outer loop
     vertex  3.158593e+00  2.500000e+01  4.948987e+02
     vertex  3.158593e+00  2.400000e+01  4.948987e+02
     vertex  3.761543e+00  2.400000e+01  4.953255e+02
   endloop
 endfacet
 facet normal -5.777738e-01  0.000000e+00  8.161969e-01
   outer loop
     vertex  3.158593e+00  2.500000e+01  4.948987e+02
     vertex  3.761543e+00  2.400000e+01  4.953255e+02
     vertex  3.761543e+00  2.500000e+01  4.953255e+02
   endloop
 endfacet
 facet normal -4.730936e-01  0.000000e+00  8.810122e-01
   outer loop
     vertex  2.507762e+00  2.500000e+01  4.945492e+02
     vertex  2.507762e+00  2.400000e+01  4.945492e+02
     vertex  3.158593e+00  2.400000e+01  4.948987e+02
   endloop
 endfacet
 facet normal -3.612417e-01  0.000000e+00  9.324722e-01
   outer loop
     vertex  2.507762e+00  2.500000e+01  4.945492e+02
     vertex  1.818916e+00  2.400000e+01  4.942823e+02
     vertex  2.507762e+00  2.400000e+01  4.945492e+02
   endloop
 endfacet
 facet normal -4.730936e-01  0.000000e+00  8.810122e-01
   outer loop
     vertex  2.507762e+00  2.500000e+01  4.945492e+02
     vertex  3.158593e+00  2.400000e+01  4.948987e+02
     vertex  3.158593e+00  2.500000e+01  4.948987e+02
   endloop
 endfacet
 facet normal -3.612417e-01  0.000000e+00  9.324722e-01
   outer loop
     vertex  1.818916e+00  2.500000e+01  4.942823e+02
     vertex  1.818916e+00  2.400000e+01  4.942823e+02
     vertex  2.507762e+00  2.500000e+01  4.945492e+02
   endloop
 endfacet
 facet normal -2.439137e-01  0.000000e+00  9.697969e-01
   outer loop
     vertex  1.102497e+00  2.500000e+01  4.941022e+02
     vertex  1.818916e+00  2.400000e+01  4.942823e+02
     vertex  1.818916e+00  2.500000e+01  4.942823e+02
   endloop
 endfacet
 facet normal -2.439137e-01  0.000000e+00  9.697969e-01
   outer loop
     vertex  1.102497e+00  2.500000e+01  4.941022e+02
     vertex  1.102497e+00  2.400000e+01  4.941022e+02
     vertex  1.818916e+00  2.400000e+01  4.942823e+02
   endloop
 endfacet
 facet normal -1.228883e-01  0.000000e+00  9.924205e-01
   outer loop
     vertex  3.693654e-01  2.500000e+01  4.940114e+02
     vertex  1.102497e+00  2.400000e+01  4.941022e+02
     vertex  1.102497e+00  2.500000e+01  4.941022e+02
   endloop
 endfacet
 facet normal -1.228883e-01  0.000000e+00  9.924205e-01
   outer loop
     vertex  3.693654e-01  2.500000e+01  4.940114e+02
     vertex  3.693654e-01  2.400000e+01  4.940114e+02
     vertex  1.102497e+00  2.400000e+01  4.941022e+02
   endloop
 endfacet
 facet normal  0.000000e+00  0.000000e+00  1.000000e+00
   outer loop
     vertex  3.693654e-01  2.500000e+01  4.940114e+02
     vertex -3.693654e-01  2.400000e+01  4.940114e+02
     vertex  3.693654e-01  2.400000e+01  4.940114e+02
   endloop
 endfacet
 facet normal -0.000000e+00  0.000000e+00  1.000000e+00
   outer loop
     vertex -3.693654e-01  2.500000e+01  4.940114e+02
     vertex -3.693654e-01  2.400000e+01  4.940114e+02
     vertex  3.693654e-01  2.500000e+01  4.940114e+02
   endloop
 endfacet
 facet normal  1.228883e-01  0.000000e+00  9.924205e-01
   outer loop
     vertex -1.102497e+00  2.500000e+01  4.941022e+02
     vertex -3.693654e-01  2.400000e+01  4.940114e+02
     vertex -3.693654e-01  2.500000e+01  4.940114e+02
   endloop
 endfacet
 facet normal  1.228883e-01  0.000000e+00  9.924205e-01
   outer loop
     vertex -1.102497e+00  2.500000e+01  4.941022e+02
     vertex -1.102497e+00  2.400000e+01  4.941022e+02
     vertex -3.693654e-01  2.400000e+01  4.940114e+02
   endloop
 endfacet
 facet normal  2.439137e-01  0.000000e+00  9.697969e-01
   outer loop
     vertex -1.818916e+00  2.500000e+01  4.942823e+02
     vertex -1.102497e+00  2.400000e+01  4.941022e+02
     vertex -1.102497e+00  2.500000e+01  4.941022e+02
   endloop
 endfacet
 facet normal  2.439137e-01  0.000000e+00  9.697969e-01
   outer loop
     vertex -1.818916e+00  2.500000e+01  4.942823e+02
     vertex -1.818916e+00  2.400000e+01  4.942823e+02
     vertex -1.102497e+00  2.400000e+01  4.941022e+02
   endloop
 endfacet
 facet normal  3.612417e-01  0.000000e+00  9.324722e-01
   outer loop
     vertex -1.818916e+00  2.500000e+01  4.942823e+02
     vertex -2.507762e+00  2.400000e+01  4.945492e+02
     vertex -1.818916e+00  2.400000e+01  4.942823e+02
   endloop
 endfacet
 facet normal  3.612417e-01  0.000000e+00  9.324722e-01
   outer loop
     vertex -2.507762e+00  2.500000e+01  4.945492e+02
     vertex -2.507762e+00  2.400000e+01  4.945492e+02
     vertex -1.818916e+00  2.500000e+01  4.942823e+02
   endloop
 endfacet
 facet normal  4.730936e-01  0.000000e+00  8.810122e-01
   outer loop
     vertex -3.158593e+00  2.500000e+01  4.948987e+02
     vertex -2.507762e+00  2.400000e+01  4.945492e+02
     vertex -2.507762e+00  2.500000e+01  4.945492e+02
   endloop
 endfacet
 facet normal  4.730936e-01  0.000000e+00  8.810122e-01
   outer loop
     vertex -3.158593e+00  2.500000e+01  4.948987e+02
     vertex -3.158593e+00  2.400000e+01  4.948987e+02
     vertex -2.507762e+00  2.400000e+01  4.945492e+02
   endloop
 endfacet
 facet normal  5.777738e-01  0.000000e+00  8.161969e-01
   outer loop
     vertex -3.158593e+00  2.500000e+01  4.948987e+02
     vertex -3.761543e+00  2.400000e+01  4.953255e+02
     vertex -3.158593e+00  2.400000e+01  4.948987e+02
   endloop
 endfacet
 facet normal  5.777738e-01  0.000000e+00  8.161969e-01
   outer loop
     vertex -3.761543e+00  2.500000e+01  4.953255e+02
     vertex -3.761543e+00  2.400000e+01  4.953255e+02
     vertex -3.158593e+00  2.500000e+01  4.948987e+02
   endloop
 endfacet
 facet normal  6.736956e-01  0.000000e+00  7.390089e-01
   outer loop
     vertex -3.761543e+00  2.500000e+01  4.953255e+02
     vertex -4.307472e+00  2.400000e+01  4.958232e+02
     vertex -3.761543e+00  2.400000e+01  4.953255e+02
   endloop
 endfacet
 facet normal  6.736956e-01  0.000000e+00  7.390089e-01
   outer loop
     vertex -4.307472e+00  2.500000e+01  4.958232e+02
     vertex -4.307472e+00  2.400000e+01  4.958232e+02
     vertex -3.761543e+00  2.500000e+01  4.953255e+02
   endloop
 endfacet
 facet normal  7.594049e-01  0.000000e+00  6.506183e-01
   outer loop
     vertex -4.788103e+00  2.500000e+01  4.963842e+02
     vertex -4.307472e+00  2.400000e+01  4.958232e+02
     vertex -4.307472e+00  2.500000e+01  4.958232e+02
   endloop
 endfacet
 facet normal  7.594049e-01  0.000000e+00  6.506183e-01
   outer loop
     vertex -4.788103e+00  2.500000e+01  4.963842e+02
     vertex -4.788103e+00  2.400000e+01  4.963842e+02
     vertex -4.307472e+00  2.400000e+01  4.958232e+02
   endloop
 endfacet
 facet normal  8.336024e-01  0.000000e+00  5.523650e-01
   outer loop
     vertex -5.196152e+00  2.500000e+01  4.970000e+02
     vertex -4.788103e+00  2.400000e+01  4.963842e+02
     vertex -4.788103e+00  2.500000e+01  4.963842e+02
   endloop
 endfacet
 facet normal  8.336024e-01  0.000000e+00  5.523650e-01
   outer loop
     vertex -5.196152e+00  2.500000e+01  4.970000e+02
     vertex -5.196152e+00  2.400000e+01  4.970000e+02
     vertex -4.788103e+00  2.400000e+01  4.963842e+02
   endloop
 endfacet
 facet normal  8.951633e-01  0.000000e+00  4.457384e-01
   outer loop
     vertex -5.525433e+00  2.500000e+01  4.976613e+02
     vertex -5.196152e+00  2.400000e+01  4.970000e+02
     vertex -5.196152e+00  2.500000e+01  4.970000e+02
   endloop
 endfacet
 facet normal  8.951633e-01  0.000000e+00  4.457384e-01
   outer loop
     vertex -5.525433e+00  2.500000e+01  4.976613e+02
     vertex -5.525433e+00  2.400000e+01  4.976613e+02
     vertex -5.196152e+00  2.400000e+01  4.970000e+02
   endloop
 endfacet
 facet normal  9.431544e-01  0.000000e+00  3.323548e-01
   outer loop
     vertex -5.770954e+00  2.500000e+01  4.983580e+02
     vertex -5.525433e+00  2.400000e+01  4.976613e+02
     vertex -5.525433e+00  2.500000e+01  4.976613e+02
   endloop
 endfacet
 facet normal  9.431544e-01  0.000000e+00  3.323548e-01
   outer loop
     vertex -5.770954e+00  2.500000e+01  4.983580e+02
     vertex -5.770954e+00  2.400000e+01  4.983580e+02
     vertex -5.525433e+00  2.400000e+01  4.976613e+02
   endloop
 endfacet
 facet normal  9.768483e-01  0.000000e+00  2.139331e-01
   outer loop
     vertex -5.928993e+00  2.500000e+01  4.990797e+02
     vertex -5.770954e+00  2.400000e+01  4.983580e+02
     vertex -5.770954e+00  2.500000e+01  4.983580e+02
   endloop
 endfacet
 facet normal  9.768483e-01  0.000000e+00  2.139331e-01
   outer loop
     vertex -5.928993e+00  2.500000e+01  4.990797e+02
     vertex -5.928993e+00  2.400000e+01  4.990797e+02
     vertex -5.770954e+00  2.400000e+01  4.983580e+02
   endloop
 endfacet
 facet normal  9.957342e-01  0.000000e+00  9.226836e-02
   outer loop
     vertex -5.997154e+00  2.500000e+01  4.998152e+02
     vertex -5.928993e+00  2.400000e+01  4.990797e+02
     vertex -5.928993e+00  2.500000e+01  4.990797e+02
   endloop
 endfacet
 facet normal  9.957342e-01  0.000000e+00  9.226836e-02
   outer loop
     vertex -5.997154e+00  2.500000e+01  4.998152e+02
     vertex -5.997154e+00  2.400000e+01  4.998152e+02
     vertex -5.928993e+00  2.400000e+01  4.990797e+02
   endloop
 endfacet
 facet normal  9.995257e-01  0.000000e+00 -3.079506e-02
   outer loop
     vertex -5.997154e+00  2.500000e+01  4.998152e+02
     vertex -5.974405e+00  2.400000e+01  5.005536e+02
     vertex -5.997154e+00  2.400000e+01  4.998152e+02
   endloop
 endfacet
 facet normal  9.995257e-01  0.000000e+00 -3.079506e-02
   outer loop
     vertex -5.974405e+00  2.500000e+01  5.005536e+02
     vertex -5.974405e+00  2.400000e+01  5.005536e+02
     vertex -5.997154e+00  2.500000e+01  4.998152e+02
   endloop
 endfacet
 facet normal  9.881655e-01  0.000000e+00 -1.533917e-01
   outer loop
     vertex -5.861090e+00  2.500000e+01  5.012836e+02
     vertex -5.974405e+00  2.400000e+01  5.005536e+02
     vertex -5.974405e+00  2.500000e+01  5.005536e+02
   endloop
 endfacet
 facet normal  9.881655e-01  0.000000e+00 -1.533917e-01
   outer loop
     vertex -5.861090e+00  2.500000e+01  5.012836e+02
     vertex -5.861090e+00  2.400000e+01  5.012836e+02
     vertex -5.974405e+00  2.400000e+01  5.005536e+02
   endloop
 endfacet
 facet normal  9.618256e-01  0.000000e+00 -2.736630e-01
   outer loop
     vertex -5.658927e+00  2.500000e+01  5.019941e+02
     vertex -5.861090e+00  2.400000e+01  5.012836e+02
     vertex -5.861090e+00  2.500000e+01  5.012836e+02
   endloop
 endfacet
 facet normal  9.618256e-01  0.000000e+00 -2.736630e-01
   outer loop
     vertex -5.658927e+00  2.500000e+01  5.019941e+02
     vertex -5.658927e+00  2.400000e+01  5.019941e+02
     vertex -5.861090e+00  2.400000e+01  5.012836e+02
   endloop
 endfacet
 facet normal  9.209055e-01  0.000000e+00 -3.897859e-01
   outer loop
     vertex -5.370980e+00  2.500000e+01  5.026744e+02
     vertex -5.658927e+00  2.400000e+01  5.019941e+02
     vertex -5.658927e+00  2.500000e+01  5.019941e+02
   endloop
 endfacet
 facet normal  9.209055e-01  0.000000e+00 -3.897859e-01
   outer loop
     vertex -5.370980e+00  2.500000e+01  5.026744e+02
     vertex -5.370980e+00  2.400000e+01  5.026744e+02
     vertex -5.658927e+00  2.400000e+01  5.019941e+02
   endloop
 endfacet
 facet normal  8.660254e-01  0.000000e+00 -5.000000e-01
   outer loop
     vertex -5.370980e+00  2.500000e+01  5.026744e+02
     vertex -5.001614e+00  2.400000e+01  5.033142e+02
     vertex -5.370980e+00  2.400000e+01  5.026744e+02
   endloop
 endfacet
 facet normal  8.660254e-01  0.000000e+00 -5.000000e-01
   outer loop
     vertex -5.001614e+00  2.500000e+01  5.033142e+02
     vertex -5.001614e+00  2.400000e+01  5.033142e+02
     vertex -5.370980e+00  2.500000e+01  5.026744e+02
   endloop
 endfacet
 facet normal  7.980172e-01  0.000000e+00 -6.026346e-01
   outer loop
     vertex -4.556429e+00  2.500000e+01  5.039037e+02
     vertex -5.001614e+00  2.400000e+01  5.033142e+02
     vertex -5.001614e+00  2.500000e+01  5.033142e+02
   endloop
 endfacet
 facet normal  7.980172e-01  0.000000e+00 -6.026346e-01
   outer loop
     vertex -4.556429e+00  2.500000e+01  5.039037e+02
     vertex -4.556429e+00  2.400000e+01  5.039037e+02
     vertex -5.001614e+00  2.400000e+01  5.033142e+02
   endloop
 endfacet
 facet normal  7.179119e-01  0.000000e+00 -6.961339e-01
   outer loop
     vertex -4.556429e+00  2.500000e+01  5.039037e+02
     vertex -4.042174e+00  2.400000e+01  5.044341e+02
     vertex -4.556429e+00  2.400000e+01  5.039037e+02
   endloop
 endfacet
 facet normal  7.179119e-01  0.000000e+00 -6.961339e-01
   outer loop
     vertex -4.042174e+00  2.500000e+01  5.044341e+02
     vertex -4.042174e+00  2.400000e+01  5.044341e+02
     vertex -4.556429e+00  2.500000e+01  5.039037e+02
   endloop
 endfacet
 facet normal  6.269238e-01  0.000000e+00 -7.790806e-01
   outer loop
     vertex -3.466643e+00  2.500000e+01  5.048972e+02
     vertex -4.042174e+00  2.400000e+01  5.044341e+02
     vertex -4.042174e+00  2.500000e+01  5.044341e+02
   endloop
 endfacet
 facet normal  6.269238e-01  0.000000e+00 -7.790806e-01
   outer loop
     vertex -3.466643e+00  2.500000e+01  5.048972e+02
     vertex -3.466643e+00  2.400000e+01  5.048972e+02
     vertex -4.042174e+00  2.400000e+01  5.044341e+02
   endloop
 endfacet
 facet normal  5.264322e-01  0.000000e+00 -8.502171e-01
   outer loop
     vertex -2.838561e+00  2.500000e+01  5.052861e+02
     vertex -3.466643e+00  2.400000e+01  5.048972e+02
     vertex -3.466643e+00  2.500000e+01  5.048972e+02
   endloop
 endfacet
 facet normal  5.264322e-01  0.000000e+00 -8.502171e-01
   outer loop
     vertex -2.838561e+00  2.500000e+01  5.052861e+02
     vertex -2.838561e+00  2.400000e+01  5.052861e+02
     vertex -3.466643e+00  2.400000e+01  5.048972e+02
   endloop
 endfacet
 facet normal  4.179603e-01  0.000000e+00 -9.084653e-01
   outer loop
     vertex -2.167450e+00  2.500000e+01  5.055948e+02
     vertex -2.838561e+00  2.400000e+01  5.052861e+02
     vertex -2.838561e+00  2.500000e+01  5.052861e+02
   endloop
 endfacet
 facet normal  4.179603e-01  0.000000e+00 -9.084653e-01
   outer loop
     vertex -2.167450e+00  2.500000e+01  5.055948e+02
     vertex -2.167450e+00  2.400000e+01  5.055948e+02
     vertex -2.838561e+00  2.400000e+01  5.052861e+02
   endloop
 endfacet
 facet normal  3.031527e-01  0.000000e+00 -9.529420e-01
   outer loop
     vertex -1.463482e+00  2.500000e+01  5.058188e+02
     vertex -1.463482e+00  2.400000e+01  5.058188e+02
     vertex -2.167450e+00  2.400000e+01  5.055948e+02
   endloop
 endfacet
 facet normal  3.031527e-01  0.000000e+00 -9.529420e-01
   outer loop
     vertex -1.463482e+00  2.500000e+01  5.058188e+02
     vertex -2.167450e+00  2.400000e+01  5.055948e+02
     vertex -2.167450e+00  2.500000e+01  5.055948e+02
   endloop
 endfacet
 facet normal  1.837495e-01  0.000000e+00 -9.829731e-01
   outer loop
     vertex -7.373297e-01  2.500000e+01  5.059545e+02
     vertex -7.373297e-01  2.400000e+01  5.059545e+02
     vertex -1.463482e+00  2.400000e+01  5.058188e+02
   endloop
 endfacet
 facet normal  1.837495e-01  0.000000e+00 -9.829731e-01
   outer loop
     vertex -7.373297e-01  2.500000e+01  5.059545e+02
     vertex -1.463482e+00  2.400000e+01  5.058188e+02
     vertex -1.463482e+00  2.500000e+01  5.058188e+02
   endloop
 endfacet
 facet normal  6.156091e-02  0.000000e+00 -9.981033e-01
   outer loop
     vertex -1.469576e-15  2.500000e+01  5.060000e+02
     vertex -1.469576e-15  2.400000e+01  5.060000e+02
     vertex -7.373297e-01  2.400000e+01  5.059545e+02
   endloop
 endfacet
 facet normal  6.156091e-02  0.000000e+00 -9.981033e-01
   outer loop
     vertex -1.469576e-15  2.500000e+01  5.060000e+02
     vertex -7.373297e-01  2.400000e+01  5.059545e+02
     vertex -7.373297e-01  2.500000e+01  5.059545e+02
   endloop
 endfacet
endsolid
